"","eval_window","variable","eval_adm","study","assumption","disag","disag_level","aggregation","scenario","est","est.mean","est.se","est.n","est.tv","est.pv","est.sr","scenario_name"
"45608","1","Program delivery cost",2002,"cost",1,"FCIP","1","chgpct",1,0.314397441513232,0.308917351787075,0.0922838226753518,100,3.34747025894045,0.00115,"***","Current RMA update pattern"
"45613","1","Underwriting gains paid by FCIC to AIPs",2002,"cost",1,"FCIP","1","chgpct",1,-63.7640973770955,-61.7428922700989,3.47568499951118,100,-17.7642370579562,0,"***","Current RMA update pattern"
"45622","1","Total net direct cost",2002,"cost",1,"FCIP","1","chgpct",1,3.72717583407357,3.69775883542985,0.933139414184819,100,3.96270780037747,0.00014,"***","Current RMA update pattern"
"45625","1","Producer premium subsidies",2002,"cost",1,"FCIP","1","chgpct",1,0.364899422720228,0.358851988075151,0.091971315187948,100,3.90178162986817,0.00017,"***","Current RMA update pattern"
"45684","1","Program delivery cost",2003,"cost",1,"FCIP","1","chgpct",1,-0.961200570752784,-0.955734230042403,0.445217187222377,100,-2.14666966476529,0.03424,"**","Current RMA update pattern"
"45689","1","Underwriting gains paid by FCIC to AIPs",2003,"cost",1,"FCIP","1","chgpct",1,-70.588930424964,-69.9666101386491,2.12811003384878,100,-32.8773461079508,0,"***","Current RMA update pattern"
"45698","1","Total net direct cost",2003,"cost",1,"FCIP","1","chgpct",1,-22.7063839856805,-22.3661109975984,1.3777623460668,100,-16.2336494834893,0,"***","Current RMA update pattern"
"45701","1","Producer premium subsidies",2003,"cost",1,"FCIP","1","chgpct",1,-0.927276260233699,-0.922003439706477,0.449944533495564,100,-2.04914910854355,0.04307,"**","Current RMA update pattern"
"45760","1","Program delivery cost",2004,"cost",1,"FCIP","1","chgpct",1,-3.17337361537995,-3.16411075350957,0.554949725369451,100,-5.70161693728762,0,"***","Current RMA update pattern"
"45765","1","Underwriting gains paid by FCIC to AIPs",2004,"cost",1,"FCIP","1","chgpct",1,-23.0354893512919,-24.4109805987716,2.41304637958044,100,-10.1162500668619,0,"***","Current RMA update pattern"
"45774","1","Total net direct cost",2004,"cost",1,"FCIP","1","chgpct",1,-5.94839454764894,-6.13473732354493,0.887557909213266,100,-6.91192908075461,0,"***","Current RMA update pattern"
"45777","1","Producer premium subsidies",2004,"cost",1,"FCIP","1","chgpct",1,-3.11297589568018,-3.10378357939108,0.537533991159264,100,-5.77411592650608,0,"***","Current RMA update pattern"
"45836","1","Program delivery cost",2005,"cost",1,"FCIP","1","chgpct",1,-12.6897296713162,-12.5508419776409,1.54961618768251,100,-8.09932296616688,0,"***","Current RMA update pattern"
"45841","1","Underwriting gains paid by FCIC to AIPs",2005,"cost",1,"FCIP","1","chgpct",1,12.7372293121269,11.272331901299,4.56339099341986,100,2.47016569861163,0.0152,"**","Current RMA update pattern"
"45850","1","Total net direct cost",2005,"cost",1,"FCIP","1","chgpct",1,14.8225026624346,14.2809959063229,2.16791937591236,100,6.5874202080568,0,"***","Current RMA update pattern"
"45853","1","Producer premium subsidies",2005,"cost",1,"FCIP","1","chgpct",1,-12.7749007264544,-12.6331104297274,1.51593803951046,100,-8.33352689916472,0,"***","Current RMA update pattern"
"45912","1","Program delivery cost",2006,"cost",1,"FCIP","1","chgpct",1,2.07223848035892,2.0824810210722,0.161825070205139,100,12.8687169326256,0,"***","Current RMA update pattern"
"45917","1","Underwriting gains paid by FCIC to AIPs",2006,"cost",1,"FCIP","1","chgpct",1,-64.1892180478388,-64.583838684169,2.06625090380344,100,-31.2565325756357,0,"***","Current RMA update pattern"
"45926","1","Total net direct cost",2006,"cost",1,"FCIP","1","chgpct",1,-10.1492574255352,-10.4522229400714,1.11577237681549,100,-9.36770183350749,0,"***","Current RMA update pattern"
"45929","1","Producer premium subsidies",2006,"cost",1,"FCIP","1","chgpct",1,2.14204269294092,2.15206964797606,0.165059891026055,100,13.0381138300663,0,"***","Current RMA update pattern"
"45988","1","Program delivery cost",2007,"cost",1,"FCIP","1","chgpct",1,0.952596946438548,0.970209473726001,0.155732336096365,100,6.22998086361236,0,"***","Current RMA update pattern"
"45993","1","Underwriting gains paid by FCIC to AIPs",2007,"cost",1,"FCIP","1","chgpct",1,-41.8881083626028,-42.4961938906724,2.19974376958948,100,-19.3187017861644,0,"***","Current RMA update pattern"
"46002","1","Total net direct cost",2007,"cost",1,"FCIP","1","chgpct",1,-13.9937011234238,-14.3479822136802,1.48983511110012,100,-9.63058402019096,0,"***","Current RMA update pattern"
"46005","1","Producer premium subsidies",2007,"cost",1,"FCIP","1","chgpct",1,0.95048302787153,0.96846034669,0.158099754624374,100,6.12562839829161,0,"***","Current RMA update pattern"
"46064","1","Program delivery cost",2008,"cost",1,"FCIP","1","chgpct",1,0.511410482034227,0.522545591205244,0.111468137301327,100,4.68784716293114,0.00001,"***","Current RMA update pattern"
"46069","1","Underwriting gains paid by FCIC to AIPs",2008,"cost",1,"FCIP","1","chgpct",1,-72.0952801583434,-71.1848671070407,2.85853491887989,100,-24.9025704170633,0,"***","Current RMA update pattern"
"46078","1","Total net direct cost",2008,"cost",1,"FCIP","1","chgpct",1,-14.3227041895026,-14.1005376640952,1.47403173845685,100,-9.56596611607353,0,"***","Current RMA update pattern"
"46081","1","Producer premium subsidies",2008,"cost",1,"FCIP","1","chgpct",1,0.591039184292419,0.601820624738044,0.105672240046921,100,5.69516293466308,0,"***","Current RMA update pattern"
"46140","1","Program delivery cost",2009,"cost",1,"FCIP","1","chgpct",1,0.389508131358299,0.374779163804344,0.141692957706397,100,2.64500910892781,0.00949,"***","Current RMA update pattern"
"46145","1","Underwriting gains paid by FCIC to AIPs",2009,"cost",1,"FCIP","1","chgpct",1,-55.1805892551055,-55.7042679387811,1.60850824535001,100,-34.6310117463276,0,"***","Current RMA update pattern"
"46154","1","Total net direct cost",2009,"cost",1,"FCIP","1","chgpct",1,-16.0175769596059,-16.2021609035094,0.930262765367679,100,-17.4167574009109,0,"***","Current RMA update pattern"
"46157","1","Producer premium subsidies",2009,"cost",1,"FCIP","1","chgpct",1,0.47293253442793,0.459542355222258,0.136200870194931,100,3.37400454611312,0.00106,"***","Current RMA update pattern"
"46216","1","Program delivery cost",2010,"cost",1,"FCIP","1","chgpct",1,-2.10017811070242,-2.09123789040527,0.26368130158211,100,-7.93092979235793,0,"***","Current RMA update pattern"
"46221","1","Underwriting gains paid by FCIC to AIPs",2010,"cost",1,"FCIP","1","chgpct",1,-36.6011576581617,-37.0305702688673,3.10097241481808,100,-11.9415993808638,0,"***","Current RMA update pattern"
"46230","1","Total net direct cost",2010,"cost",1,"FCIP","1","chgpct",1,-10.9787715513748,-11.0144275605734,1.44478560424676,100,-7.62357233363758,0,"***","Current RMA update pattern"
"46233","1","Producer premium subsidies",2010,"cost",1,"FCIP","1","chgpct",1,-2.17607956294582,-2.16635657867513,0.268493922285506,100,-8.06854978404882,0,"***","Current RMA update pattern"
"46292","1","Program delivery cost",2011,"cost",1,"FCIP","1","chgpct",1,-0.747769639972948,-0.740878139475246,0.130425255032604,100,-5.68048066526718,0,"***","Current RMA update pattern"
"46297","1","Underwriting gains paid by FCIC to AIPs",2011,"cost",1,"FCIP","1","chgpct",1,-58.4445577139848,-58.7529936595883,2.15379376681008,100,-27.2788391186615,0,"***","Current RMA update pattern"
"46306","1","Total net direct cost",2011,"cost",1,"FCIP","1","chgpct",1,-7.96487979876473,-8.06501301215032,0.854578268635667,100,-9.43741879257719,0,"***","Current RMA update pattern"
"46309","1","Producer premium subsidies",2011,"cost",1,"FCIP","1","chgpct",1,-0.764975220608902,-0.758951186815911,0.128094894902236,100,-5.92491361498172,0,"***","Current RMA update pattern"
"46368","1","Program delivery cost",2012,"cost",1,"FCIP","1","chgpct",1,-4.35806383873983,-4.32586192801371,0.38622378502862,100,-11.2004027087383,0,"***","Current RMA update pattern"
"46373","1","Underwriting gains paid by FCIC to AIPs",2012,"cost",1,"FCIP","1","chgpct",1,-56.8107721558924,-53.9975617594386,3.18882880283197,100,-16.9333523679552,0,"***","Current RMA update pattern"
"46382","1","Total net direct cost",2012,"cost",1,"FCIP","1","chgpct",1,2.17200998938032,2.29188232779621,0.755553751266373,100,3.03338091294606,0.00308,"***","Current RMA update pattern"
"46385","1","Producer premium subsidies",2012,"cost",1,"FCIP","1","chgpct",1,-4.26629857572637,-4.23554573754732,0.381475002615392,100,-11.1030754531973,0,"***","Current RMA update pattern"
"46444","1","Program delivery cost",2013,"cost",1,"FCIP","1","chgpct",1,-6.4103249786021,-6.29962165688146,0.54148031874804,100,-11.6340731856088,0,"***","Current RMA update pattern"
"46449","1","Underwriting gains paid by FCIC to AIPs",2013,"cost",1,"FCIP","1","chgpct",1,-45.7676050599107,-46.7406389458734,3.07041685091234,100,-15.2228968297855,0,"***","Current RMA update pattern"
"46458","1","Total net direct cost",2013,"cost",1,"FCIP","1","chgpct",1,-2.44464694297448,-2.59535891708461,0.811291378536785,100,-3.19904658886614,0.00185,"***","Current RMA update pattern"
"46461","1","Producer premium subsidies",2013,"cost",1,"FCIP","1","chgpct",1,-5.6839436328678,-5.58152743128349,0.526051744960876,100,-10.6102251057044,0,"***","Current RMA update pattern"
"46520","1","Program delivery cost",2014,"cost",1,"FCIP","1","chgpct",1,-3.72194653777326,-3.67511605902427,0.300668393653589,100,-12.2231539350242,0,"***","Current RMA update pattern"
"46525","1","Underwriting gains paid by FCIC to AIPs",2014,"cost",1,"FCIP","1","chgpct",1,-55.7345771090885,-55.7667788162686,2.30802340697941,100,-24.1621374582386,0,"***","Current RMA update pattern"
"46534","1","Total net direct cost",2014,"cost",1,"FCIP","1","chgpct",1,-10.0863442916227,-10.1009604706132,0.791415873462394,100,-12.7631512196264,0,"***","Current RMA update pattern"
"46537","1","Producer premium subsidies",2014,"cost",1,"FCIP","1","chgpct",1,-3.25156744012074,-3.20734441280482,0.287695095783347,100,-11.1484153182095,0,"***","Current RMA update pattern"
"46596","1","Program delivery cost",2015,"cost",1,"FCIP","1","chgpct",1,-0.153224664353353,-0.13714004841355,0.173066561996727,100,-0.792412161143776,0.43,"","Current RMA update pattern"
"46601","1","Underwriting gains paid by FCIC to AIPs",2015,"cost",1,"FCIP","1","chgpct",1,-51.0682000514564,-52.1956199292973,1.95710534042194,100,-26.6698060912982,0,"***","Current RMA update pattern"
"46610","1","Total net direct cost",2015,"cost",1,"FCIP","1","chgpct",1,-13.8486400564592,-14.1826876551085,1.08601551649609,100,-13.0593784708227,0,"***","Current RMA update pattern"
"46613","1","Producer premium subsidies",2015,"cost",1,"FCIP","1","chgpct",1,0.0915164639329495,0.108187189047048,0.159506287083285,100,0.678262851109804,0.49917,"","Current RMA update pattern"
"46672","1","Program delivery cost",2016,"cost",1,"FCIP","1","chgpct",1,1.95884994148067,1.95705108093024,0.146901134505381,100,13.3222325853348,0,"***","Current RMA update pattern"
"46677","1","Underwriting gains paid by FCIC to AIPs",2016,"cost",1,"FCIP","1","chgpct",1,-70.5428807921772,-70.4376311274137,1.20073257003266,100,-58.662214122748,0,"***","Current RMA update pattern"
"46686","1","Total net direct cost",2016,"cost",1,"FCIP","1","chgpct",1,-39.5198233198236,-39.4913979131342,1.34106453949979,100,-29.4477981856595,0,"***","Current RMA update pattern"
"46689","1","Producer premium subsidies",2016,"cost",1,"FCIP","1","chgpct",1,1.97908301631498,1.97949468094161,0.140205746395221,100,14.1184989334294,0,"***","Current RMA update pattern"
"46748","1","Program delivery cost",2017,"cost",1,"FCIP","1","chgpct",1,-4.25525974622233,-4.23918963311898,0.312798228678156,100,-13.5524732701756,0,"***","Current RMA update pattern"
"46753","1","Underwriting gains paid by FCIC to AIPs",2017,"cost",1,"FCIP","1","chgpct",1,-46.3112891049693,-46.2341442408875,1.44909153572461,100,-31.9056064445014,0,"***","Current RMA update pattern"
"46762","1","Total net direct cost",2017,"cost",1,"FCIP","1","chgpct",1,-19.6212621810759,-19.6529900824421,0.819266956253407,100,-23.9885057397131,0,"***","Current RMA update pattern"
"46765","1","Producer premium subsidies",2017,"cost",1,"FCIP","1","chgpct",1,-4.10056464938766,-4.08814627528987,0.309761342363025,100,-13.1977290778227,0,"***","Current RMA update pattern"
"46824","1","Program delivery cost",2018,"cost",1,"FCIP","1","chgpct",1,-4.01284588477701,-4.02077964004645,0.304045691020809,100,-13.2242612172763,0,"***","Current RMA update pattern"
"46829","1","Underwriting gains paid by FCIC to AIPs",2018,"cost",1,"FCIP","1","chgpct",1,-37.7064353295788,-37.5291836571545,1.67093172639925,100,-22.4600341619149,0,"***","Current RMA update pattern"
"46838","1","Total net direct cost",2018,"cost",1,"FCIP","1","chgpct",1,-11.2810138363734,-11.1666620065722,0.853753779993192,100,-13.0794876324428,0,"***","Current RMA update pattern"
"46841","1","Producer premium subsidies",2018,"cost",1,"FCIP","1","chgpct",1,-3.98268526562684,-3.99111345140179,0.303211418172557,100,-13.162807243395,0,"***","Current RMA update pattern"
"46900","1","Program delivery cost",2019,"cost",1,"FCIP","1","chgpct",1,-0.968896415797682,-0.931632700058445,0.192187137663661,100,-4.84752887932001,0,"***","Current RMA update pattern"
"46905","1","Underwriting gains paid by FCIC to AIPs",2019,"cost",1,"FCIP","1","chgpct",1,-73.146539254244,-73.9918072403306,2.50393224295714,100,-29.5502434015333,0,"***","Current RMA update pattern"
"46914","1","Total net direct cost",2019,"cost",1,"FCIP","1","chgpct",1,-2.30397368993322,-2.36763924257159,0.917988684592823,100,-2.5791595063307,0.01136,"**","Current RMA update pattern"
"46917","1","Producer premium subsidies",2019,"cost",1,"FCIP","1","chgpct",1,-1.02809289420487,-0.993905889733856,0.194250837618583,100,-5.11661057382629,0,"***","Current RMA update pattern"
"46976","1","Program delivery cost",2020,"cost",1,"FCIP","1","chgpct",1,-1.18289052333659,-1.13810611128314,0.219490819512645,100,-5.18521054233694,0,"***","Current RMA update pattern"
"46981","1","Underwriting gains paid by FCIC to AIPs",2020,"cost",1,"FCIP","1","chgpct",1,-45.2044664505167,-46.9576802178969,2.80105714765403,100,-16.764270681598,0,"***","Current RMA update pattern"
"46990","1","Total net direct cost",2020,"cost",1,"FCIP","1","chgpct",1,-10.8824010432816,-11.2096321151394,1.49347698762803,100,-7.50572804803828,0,"***","Current RMA update pattern"
"46993","1","Producer premium subsidies",2020,"cost",1,"FCIP","1","chgpct",1,-1.27925456682935,-1.22794340227437,0.225926667952832,100,-5.43514147046481,0,"***","Current RMA update pattern"
"47052","1","Program delivery cost",2021,"cost",1,"FCIP","1","chgpct",1,-2.1323943235066,-2.09906924556993,0.237011180528347,100,-8.85641445644324,0,"***","Current RMA update pattern"
"47057","1","Underwriting gains paid by FCIC to AIPs",2021,"cost",1,"FCIP","1","chgpct",1,-47.2287122212534,-47.6795321186473,2.04358480470264,100,-23.3313205348408,0,"***","Current RMA update pattern"
"47066","1","Total net direct cost",2021,"cost",1,"FCIP","1","chgpct",1,-15.8806098297345,-15.9970495760974,0.961808498242472,100,-16.6322605854794,0,"***","Current RMA update pattern"
"47069","1","Producer premium subsidies",2021,"cost",1,"FCIP","1","chgpct",1,-2.08063096113724,-2.04751138769968,0.230830537816788,100,-8.87019285691221,0,"***","Current RMA update pattern"
"47128","1","Program delivery cost",2022,"cost",1,"FCIP","1","chgpct",1,0.613724838972605,0.603529991369494,0.13706398199488,100,4.40327197988483,0.00003,"***","Current RMA update pattern"
"47133","1","Underwriting gains paid by FCIC to AIPs",2022,"cost",1,"FCIP","1","chgpct",1,-69.3670287201303,-68.555867136759,1.83012756617467,100,-37.4596112335789,0,"***","Current RMA update pattern"
"47142","1","Total net direct cost",2022,"cost",1,"FCIP","1","chgpct",1,-9.34614360566309,-9.34238699270404,1.03254783162884,100,-9.04789754675717,0,"***","Current RMA update pattern"
"47145","1","Producer premium subsidies",2022,"cost",1,"FCIP","1","chgpct",1,0.567503397791253,0.559368804818909,0.141745388391871,100,3.94629279417874,0.00015,"***","Current RMA update pattern"
"47204","1","Program delivery cost",2023,"cost",1,"FCIP","1","chgpct",1,2.07532862183199,2.05746942101209,0.197884385196922,100,10.3973308402511,0,"***","Current RMA update pattern"
"47209","1","Underwriting gains paid by FCIC to AIPs",2023,"cost",1,"FCIP","1","chgpct",1,-58.7272832909353,-58.2052240989848,2.26156505722887,100,-25.7367011897082,0,"***","Current RMA update pattern"
"47218","1","Total net direct cost",2023,"cost",1,"FCIP","1","chgpct",1,-7.15248972156121,-7.1945448228249,0.935380758490856,100,-7.69156812080738,0,"***","Current RMA update pattern"
"47221","1","Producer premium subsidies",2023,"cost",1,"FCIP","1","chgpct",1,1.81514750768626,1.79914786297407,0.203578141802191,100,8.83762788601455,0,"***","Current RMA update pattern"
"47280","1","Program delivery cost",2024,"cost",1,"FCIP","1","chgpct",1,2.11603812382345,2.07878876500652,0.159580687315343,100,13.0265685652718,0,"***","Current RMA update pattern"
"47285","1","Underwriting gains paid by FCIC to AIPs",2024,"cost",1,"FCIP","1","chgpct",1,-73.6815169367414,-73.0696513104238,1.66675828406218,100,-43.8393809163141,0,"***","Current RMA update pattern"
"47294","1","Total net direct cost",2024,"cost",1,"FCIP","1","chgpct",1,-13.9695298091366,-13.8153825205728,0.921964271364734,100,-14.9847265774439,0,"***","Current RMA update pattern"
"47297","1","Producer premium subsidies",2024,"cost",1,"FCIP","1","chgpct",1,1.72276149123887,1.68608266738815,0.160002588779563,100,10.5378461701709,0,"***","Current RMA update pattern"
"49256","1","Program delivery cost",2002,"cost",1,"FCIP","1","chgpct",2,0,0,0,100,NA,NA,NA,"Only reference rate updated"
"49261","1","Underwriting gains paid by FCIC to AIPs",2002,"cost",1,"FCIP","1","chgpct",2,-85.7981964595199,-83.3595390428845,3.07261465175004,100,-27.1298384245503,0,"***","Only reference rate updated"
"49270","1","Total net direct cost",2002,"cost",1,"FCIP","1","chgpct",2,3.06951779736152,2.93102316412065,1.06924741448317,100,2.74120201219975,0.00725,"***","Only reference rate updated"
"49273","1","Producer premium subsidies",2002,"cost",1,"FCIP","1","chgpct",2,0,0,0,100,NA,NA,NA,"Only reference rate updated"
"49332","1","Program delivery cost",2003,"cost",1,"FCIP","1","chgpct",2,0.286551972245622,0.281919771901896,0.121321057180383,100,2.32374971380879,0.02216,"**","Only reference rate updated"
"49337","1","Underwriting gains paid by FCIC to AIPs",2003,"cost",1,"FCIP","1","chgpct",2,-75.3842450173529,-75.554143050639,2.04810149407217,100,-36.8898432374157,0,"***","Only reference rate updated"
"49346","1","Total net direct cost",2003,"cost",1,"FCIP","1","chgpct",2,-25.7539748978161,-25.6398240908595,1.39681498410636,100,-18.3559199912672,0,"***","Only reference rate updated"
"49349","1","Producer premium subsidies",2003,"cost",1,"FCIP","1","chgpct",2,0.304464473576343,0.299646640245812,0.124601375068403,100,2.40484216230611,0.01802,"**","Only reference rate updated"
"49408","1","Program delivery cost",2004,"cost",1,"FCIP","1","chgpct",2,-0.371287951241303,-0.360367162537375,0.233590204095446,100,-1.54273234159309,0.12605,"","Only reference rate updated"
"49413","1","Underwriting gains paid by FCIC to AIPs",2004,"cost",1,"FCIP","1","chgpct",2,-32.6523824928797,-32.9699175144466,2.6055366276751,100,-12.6537916083204,0,"***","Only reference rate updated"
"49422","1","Total net direct cost",2004,"cost",1,"FCIP","1","chgpct",2,-8.49036426147937,-8.63178896171003,1.16172011254418,100,-7.4301794971995,0,"***","Only reference rate updated"
"49425","1","Producer premium subsidies",2004,"cost",1,"FCIP","1","chgpct",2,-0.269500745245811,-0.259344343266879,0.214457399470082,100,-1.20930470996903,0.2294,"","Only reference rate updated"
"49484","1","Program delivery cost",2005,"cost",1,"FCIP","1","chgpct",2,-4.27442573161995,-4.21323600464938,0.985131190296133,100,-4.27682733645137,0.00004,"***","Only reference rate updated"
"49489","1","Underwriting gains paid by FCIC to AIPs",2005,"cost",1,"FCIP","1","chgpct",2,12.187210294824,10.1217482611004,6.21272262821256,100,1.62919687016713,0.10642,"","Only reference rate updated"
"49498","1","Total net direct cost",2005,"cost",1,"FCIP","1","chgpct",2,9.79001857696958,8.9468372191186,2.87697092377102,100,3.1098114844315,0.00244,"***","Only reference rate updated"
"49501","1","Producer premium subsidies",2005,"cost",1,"FCIP","1","chgpct",2,-4.14575168371246,-4.08543425283323,0.942623849195708,100,-4.33410872886265,0.00003,"***","Only reference rate updated"
"49560","1","Program delivery cost",2006,"cost",1,"FCIP","1","chgpct",2,1.14603827383993,1.14172552829993,0.105877663523544,100,10.7834409100466,0,"***","Only reference rate updated"
"49565","1","Underwriting gains paid by FCIC to AIPs",2006,"cost",1,"FCIP","1","chgpct",2,-67.3471434883074,-67.5805112792644,2.25349213880972,100,-29.9892376438287,0,"***","Only reference rate updated"
"49574","1","Total net direct cost",2006,"cost",1,"FCIP","1","chgpct",2,-9.63706222329861,-9.96346288826495,1.20165320458355,100,-8.29146283658267,0,"***","Only reference rate updated"
"49577","1","Producer premium subsidies",2006,"cost",1,"FCIP","1","chgpct",2,1.21116188486839,1.20517819301478,0.105025096856681,100,11.4751447900057,0,"***","Only reference rate updated"
"49636","1","Program delivery cost",2007,"cost",1,"FCIP","1","chgpct",2,-0.946303104701364,-0.948480218737652,0.179433971981408,100,-5.28595676874349,0,"***","Only reference rate updated"
"49641","1","Underwriting gains paid by FCIC to AIPs",2007,"cost",1,"FCIP","1","chgpct",2,-27.0929538168913,-27.1820260166764,2.37405977750705,100,-11.4495962882702,0,"***","Only reference rate updated"
"49650","1","Total net direct cost",2007,"cost",1,"FCIP","1","chgpct",2,-6.64084123462488,-6.76210365478423,1.39061419053594,100,-4.862674134066,0,"***","Only reference rate updated"
"49653","1","Producer premium subsidies",2007,"cost",1,"FCIP","1","chgpct",2,-0.894045405013971,-0.896065244195515,0.174985595172417,100,-5.120794333457,0,"***","Only reference rate updated"
"49712","1","Program delivery cost",2008,"cost",1,"FCIP","1","chgpct",2,-0.356020252231311,-0.351647260859866,0.0927707303130463,100,-3.79049792615909,0.00026,"***","Only reference rate updated"
"49717","1","Underwriting gains paid by FCIC to AIPs",2008,"cost",1,"FCIP","1","chgpct",2,-66.7445365907714,-67.0211876866117,3.17092984043946,100,-21.1361307436948,0,"***","Only reference rate updated"
"49726","1","Total net direct cost",2008,"cost",1,"FCIP","1","chgpct",2,-12.8300982670867,-12.7781659073855,1.49626859731632,100,-8.54002144421409,0,"***","Only reference rate updated"
"49729","1","Producer premium subsidies",2008,"cost",1,"FCIP","1","chgpct",2,-0.297114527915684,-0.292563668217098,0.0836284602674181,100,-3.49837444431679,0.0007,"***","Only reference rate updated"
"49788","1","Program delivery cost",2009,"cost",1,"FCIP","1","chgpct",2,-1.04434625788749,-1.05933359633286,0.144434746432642,100,-7.33434040282603,0,"***","Only reference rate updated"
"49793","1","Underwriting gains paid by FCIC to AIPs",2009,"cost",1,"FCIP","1","chgpct",2,-52.1704491149137,-52.7920958231935,1.87513788393279,100,-28.1537140684666,0,"***","Only reference rate updated"
"49802","1","Total net direct cost",2009,"cost",1,"FCIP","1","chgpct",2,-13.8603313039425,-14.090169695607,0.992228604656774,100,-14.2005276097447,0,"***","Only reference rate updated"
"49805","1","Producer premium subsidies",2009,"cost",1,"FCIP","1","chgpct",2,-0.939833472701113,-0.952571726638955,0.132516206850213,100,-7.1883413303225,0,"***","Only reference rate updated"
"49864","1","Program delivery cost",2010,"cost",1,"FCIP","1","chgpct",2,-1.15921317064964,-1.16616063879685,0.132102890440675,100,-8.82766936368095,0,"***","Only reference rate updated"
"49869","1","Underwriting gains paid by FCIC to AIPs",2010,"cost",1,"FCIP","1","chgpct",2,-46.7759814010222,-45.5127850861491,3.05987888521878,100,-14.8740478932044,0,"***","Only reference rate updated"
"49878","1","Total net direct cost",2010,"cost",1,"FCIP","1","chgpct",2,-14.4872752257578,-14.3430558596638,1.57894939890065,100,-9.08392369612998,0,"***","Only reference rate updated"
"49881","1","Producer premium subsidies",2010,"cost",1,"FCIP","1","chgpct",2,-1.15467287121155,-1.16116462429422,0.129739890939624,100,-8.94994296576513,0,"***","Only reference rate updated"
"49940","1","Program delivery cost",2011,"cost",1,"FCIP","1","chgpct",2,-0.381718610697873,-0.379877862573235,0.0705954293983493,100,-5.38105463499196,0,"***","Only reference rate updated"
"49945","1","Underwriting gains paid by FCIC to AIPs",2011,"cost",1,"FCIP","1","chgpct",2,-63.2111457074458,-63.3750792865157,2.02792087592285,100,-31.2512583892976,0,"***","Only reference rate updated"
"49954","1","Total net direct cost",2011,"cost",1,"FCIP","1","chgpct",2,-9.20235549302647,-9.26621734634269,0.909799172956166,100,-10.1849041214606,0,"***","Only reference rate updated"
"49957","1","Producer premium subsidies",2011,"cost",1,"FCIP","1","chgpct",2,-0.394703786997295,-0.393710523790533,0.0663939025987963,100,-5.92991989294016,0,"***","Only reference rate updated"
"50016","1","Program delivery cost",2012,"cost",1,"FCIP","1","chgpct",2,-1.43831678337373,-1.43256701824934,0.162666667005705,100,-8.80676443809532,0,"***","Only reference rate updated"
"50021","1","Underwriting gains paid by FCIC to AIPs",2012,"cost",1,"FCIP","1","chgpct",2,-62.598602880453,-59.7891081666849,3.62444221557585,100,-16.49608535894,0,"***","Only reference rate updated"
"50030","1","Total net direct cost",2012,"cost",1,"FCIP","1","chgpct",2,3.26512099815463,3.458845075131,0.708396469885572,100,4.88264019114849,0,"***","Only reference rate updated"
"50033","1","Producer premium subsidies",2012,"cost",1,"FCIP","1","chgpct",2,-1.30340380937679,-1.29723904185424,0.153946688651285,100,-8.42654722371265,0,"***","Only reference rate updated"
"50092","1","Program delivery cost",2013,"cost",1,"FCIP","1","chgpct",2,-5.68517902540381,-5.61437025152987,0.41977402759643,100,-13.3747442253086,0,"***","Only reference rate updated"
"50097","1","Underwriting gains paid by FCIC to AIPs",2013,"cost",1,"FCIP","1","chgpct",2,-39.8610926904486,-40.8084612182926,3.81744569673854,100,-10.68999128217,0,"***","Only reference rate updated"
"50106","1","Total net direct cost",2013,"cost",1,"FCIP","1","chgpct",2,-2.22310322071855,-2.55842828296766,0.743387296515517,100,-3.44158192500706,0.00085,"***","Only reference rate updated"
"50109","1","Producer premium subsidies",2013,"cost",1,"FCIP","1","chgpct",2,-5.26825005746919,-5.2030806551773,0.398788562326962,100,-13.0472163615148,0,"***","Only reference rate updated"
"50168","1","Program delivery cost",2014,"cost",1,"FCIP","1","chgpct",2,-3.29605063364642,-3.27345930340502,0.227121103208639,100,-14.4128363994337,0,"***","Only reference rate updated"
"50173","1","Underwriting gains paid by FCIC to AIPs",2014,"cost",1,"FCIP","1","chgpct",2,-43.863682311254,-43.940135054491,2.2333399353604,100,-19.6746291770403,0,"***","Only reference rate updated"
"50182","1","Total net direct cost",2014,"cost",1,"FCIP","1","chgpct",2,-6.60081565658308,-6.58900675543121,0.811995514560417,100,-8.1145851636856,0,"***","Only reference rate updated"
"50185","1","Producer premium subsidies",2014,"cost",1,"FCIP","1","chgpct",2,-2.98909959608636,-2.96805624120042,0.207728154271558,100,-14.288175098886,0,"***","Only reference rate updated"
"50244","1","Program delivery cost",2015,"cost",1,"FCIP","1","chgpct",2,-0.379183522968914,-0.371509201322384,0.123983476421385,100,-2.99644123592508,0.00344,"***","Only reference rate updated"
"50249","1","Underwriting gains paid by FCIC to AIPs",2015,"cost",1,"FCIP","1","chgpct",2,-65.8825158668893,-65.9399485857606,1.72910231419507,100,-38.1353654115356,0,"***","Only reference rate updated"
"50258","1","Total net direct cost",2015,"cost",1,"FCIP","1","chgpct",2,-18.076384642287,-18.0454794042644,1.15475203478405,100,-15.6271466606587,0,"***","Only reference rate updated"
"50261","1","Producer premium subsidies",2015,"cost",1,"FCIP","1","chgpct",2,-0.26376032576034,-0.256875760604428,0.109839830803544,100,-2.33863944186029,0.02134,"**","Only reference rate updated"
"50320","1","Program delivery cost",2016,"cost",1,"FCIP","1","chgpct",2,0.13057955665939,0.135037501334326,0.0702586971287407,100,1.92200406288328,0.05745,"*","Only reference rate updated"
"50325","1","Underwriting gains paid by FCIC to AIPs",2016,"cost",1,"FCIP","1","chgpct",2,-79.3016329174849,-79.484094242936,0.844110029069092,100,-94.1631914154525,0,"***","Only reference rate updated"
"50334","1","Total net direct cost",2016,"cost",1,"FCIP","1","chgpct",2,-44.3657280682712,-44.4218562423827,1.32378615086121,100,-33.5566709271609,0,"***","Only reference rate updated"
"50337","1","Producer premium subsidies",2016,"cost",1,"FCIP","1","chgpct",2,0.171394555192875,0.17570374651868,0.0643719481704668,100,2.72950798464867,0.0075,"***","Only reference rate updated"
"50396","1","Program delivery cost",2017,"cost",1,"FCIP","1","chgpct",2,-0.969897868852517,-0.955484421348976,0.167234943873173,100,-5.71342567061578,0,"***","Only reference rate updated"
"50401","1","Underwriting gains paid by FCIC to AIPs",2017,"cost",1,"FCIP","1","chgpct",2,-60.9947840542826,-59.9846365756717,1.45622147096692,100,-41.1919737289977,0,"***","Only reference rate updated"
"50410","1","Total net direct cost",2017,"cost",1,"FCIP","1","chgpct",2,-27.9345363105309,-27.4885362203479,1.0233818390597,100,-26.8604885988643,0,"***","Only reference rate updated"
"50413","1","Producer premium subsidies",2017,"cost",1,"FCIP","1","chgpct",2,-0.941391039367926,-0.927574359361213,0.152291783298742,100,-6.09077088250811,0,"***","Only reference rate updated"
"50472","1","Program delivery cost",2018,"cost",1,"FCIP","1","chgpct",2,-0.704756125205,-0.699804561825956,0.0918085892614679,100,-7.62243018278971,0,"***","Only reference rate updated"
"50477","1","Underwriting gains paid by FCIC to AIPs",2018,"cost",1,"FCIP","1","chgpct",2,-53.6805293199228,-53.7307544455929,1.55466788261251,100,-34.5609213688148,0,"***","Only reference rate updated"
"50486","1","Total net direct cost",2018,"cost",1,"FCIP","1","chgpct",2,-17.4418946308575,-17.5834288301709,0.957831691912635,100,-18.3575350227341,0,"***","Only reference rate updated"
"50489","1","Producer premium subsidies",2018,"cost",1,"FCIP","1","chgpct",2,-0.719102240791096,-0.714128733824192,0.0885762406437923,100,-8.06230574512693,0,"***","Only reference rate updated"
"50548","1","Program delivery cost",2019,"cost",1,"FCIP","1","chgpct",2,-0.312643458428086,-0.292051644947492,0.0884707708665653,100,-3.30110885309199,0.00134,"***","Only reference rate updated"
"50553","1","Underwriting gains paid by FCIC to AIPs",2019,"cost",1,"FCIP","1","chgpct",2,-79.6318204502827,-79.4799292516658,2.65438717942817,100,-29.9428545570311,0,"***","Only reference rate updated"
"50562","1","Total net direct cost",2019,"cost",1,"FCIP","1","chgpct",2,-1.54897267804665,-1.47076825372987,1.05034936202747,100,-1.40026576575519,0.16453,"","Only reference rate updated"
"50565","1","Producer premium subsidies",2019,"cost",1,"FCIP","1","chgpct",2,-0.312753365355898,-0.29503428706254,0.0847088513651203,100,-3.48292158738943,0.00074,"***","Only reference rate updated"
"50624","1","Program delivery cost",2020,"cost",1,"FCIP","1","chgpct",2,-0.768146251510786,-0.752760673448679,0.144432174262463,100,-5.21186278121632,0,"***","Only reference rate updated"
"50629","1","Underwriting gains paid by FCIC to AIPs",2020,"cost",1,"FCIP","1","chgpct",2,-55.8607828287327,-55.8177205165963,2.25332018190824,100,-24.7713223201714,0,"***","Only reference rate updated"
"50638","1","Total net direct cost",2020,"cost",1,"FCIP","1","chgpct",2,-11.5732857381418,-11.5052544473791,1.45016496796851,100,-7.93375560816118,0,"***","Only reference rate updated"
"50641","1","Producer premium subsidies",2020,"cost",1,"FCIP","1","chgpct",2,-0.723801511711442,-0.704718071100251,0.138476064924369,100,-5.08909659936645,0,"***","Only reference rate updated"
"50700","1","Program delivery cost",2021,"cost",1,"FCIP","1","chgpct",2,-0.3283736161484,-0.32395384949714,0.131806889244551,100,-2.45779148080859,0.0157,"**","Only reference rate updated"
"50705","1","Underwriting gains paid by FCIC to AIPs",2021,"cost",1,"FCIP","1","chgpct",2,-67.1738159231942,-67.0515058406621,1.58446654343839,100,-42.3180319700259,0,"***","Only reference rate updated"
"50714","1","Total net direct cost",2021,"cost",1,"FCIP","1","chgpct",2,-22.9161865772942,-22.8433673376536,1.03544057079052,100,-22.0614953499586,0,"***","Only reference rate updated"
"50717","1","Producer premium subsidies",2021,"cost",1,"FCIP","1","chgpct",2,-0.289074105282346,-0.284040202895457,0.126862901880594,100,-2.23895401007617,0.02737,"**","Only reference rate updated"
"50776","1","Program delivery cost",2022,"cost",1,"FCIP","1","chgpct",2,0.0849789685780792,0.0812927542113728,0.0742458062299941,100,1.09491375121645,0.27618,"","Only reference rate updated"
"50781","1","Underwriting gains paid by FCIC to AIPs",2022,"cost",1,"FCIP","1","chgpct",2,-75.7753086122537,-75.0687343131221,1.52855376598739,100,-49.1109544090067,0,"***","Only reference rate updated"
"50790","1","Total net direct cost",2022,"cost",1,"FCIP","1","chgpct",2,-9.52483746986101,-9.45482457059774,1.03513419160393,100,-9.13391195777966,0,"***","Only reference rate updated"
"50793","1","Producer premium subsidies",2022,"cost",1,"FCIP","1","chgpct",2,0.0636688514076424,0.0609331659122802,0.0721197990532408,100,0.844888182055217,0.40019,"","Only reference rate updated"
"50852","1","Program delivery cost",2023,"cost",1,"FCIP","1","chgpct",2,-0.266739566009454,-0.257935147890955,0.104500757809693,100,-2.46826102793132,0.01527,"**","Only reference rate updated"
"50857","1","Underwriting gains paid by FCIC to AIPs",2023,"cost",1,"FCIP","1","chgpct",2,-64.6193082212305,-64.2106265319827,2.26334915065649,100,-28.3697398226686,0,"***","Only reference rate updated"
"50866","1","Total net direct cost",2023,"cost",1,"FCIP","1","chgpct",2,-6.68311370041666,-6.68184187029885,1.0092144263296,100,-6.62083467692785,0,"***","Only reference rate updated"
"50869","1","Producer premium subsidies",2023,"cost",1,"FCIP","1","chgpct",2,-0.239896605762541,-0.233401969840122,0.100129730091815,100,-2.33099569554519,0.02176,"**","Only reference rate updated"
"50928","1","Program delivery cost",2024,"cost",1,"FCIP","1","chgpct",2,0.415371079872281,0.389378246692855,0.0890044288148971,100,4.37481878011539,0.00003,"***","Only reference rate updated"
"50933","1","Underwriting gains paid by FCIC to AIPs",2024,"cost",1,"FCIP","1","chgpct",2,-63.6141697626411,-63.7931485398846,2.02512257306633,100,-31.5008826568421,0,"***","Only reference rate updated"
"50942","1","Total net direct cost",2024,"cost",1,"FCIP","1","chgpct",2,-11.4948185224516,-11.4618959885736,0.952192503587378,100,-12.0373726377712,0,"***","Only reference rate updated"
"50945","1","Producer premium subsidies",2024,"cost",1,"FCIP","1","chgpct",2,0.341259113182244,0.317233541503934,0.0807760105864113,100,3.92732370911744,0.00016,"***","Only reference rate updated"
"52904","1","Program delivery cost",2002,"cost",1,"FCIP","1","chgpct",3,0.322181118814944,0.316515825307482,0.0920942376895136,100,3.43686894259968,0.00086,"***","Only fixed rate updated"
"52909","1","Underwriting gains paid by FCIC to AIPs",2002,"cost",1,"FCIP","1","chgpct",3,-62.903885582039,-61.4399683186611,3.63159561359987,100,-16.9181745039498,0,"***","Only fixed rate updated"
"52918","1","Total net direct cost",2002,"cost",1,"FCIP","1","chgpct",3,3.78662586892247,3.77599468964058,0.939629498405587,100,4.0185995608353,0.00011,"***","Only fixed rate updated"
"52921","1","Producer premium subsidies",2002,"cost",1,"FCIP","1","chgpct",3,0.373639748695952,0.367376323976166,0.0917469150615052,100,4.00423625938686,0.00012,"***","Only fixed rate updated"
"52980","1","Program delivery cost",2003,"cost",1,"FCIP","1","chgpct",3,-1.21109390481886,-1.20014136399761,0.357470806642132,100,-3.35731293772216,0.00111,"***","Only fixed rate updated"
"52985","1","Underwriting gains paid by FCIC to AIPs",2003,"cost",1,"FCIP","1","chgpct",3,-68.7301202088294,-68.5855499453202,2.28432179889434,100,-30.0244693976642,0,"***","Only fixed rate updated"
"52994","1","Total net direct cost",2003,"cost",1,"FCIP","1","chgpct",3,-22.2244648894783,-22.1173986991301,1.31511607962768,100,-16.8178300316971,0,"***","Only fixed rate updated"
"52997","1","Producer premium subsidies",2003,"cost",1,"FCIP","1","chgpct",3,-1.19397799498952,-1.18302150306336,0.359665037050471,100,-3.28923131579608,0.00139,"***","Only fixed rate updated"
"53056","1","Program delivery cost",2004,"cost",1,"FCIP","1","chgpct",3,-3.29977627572975,-3.29616294872157,0.413985774972005,100,-7.96201982772106,0,"***","Only fixed rate updated"
"53061","1","Underwriting gains paid by FCIC to AIPs",2004,"cost",1,"FCIP","1","chgpct",3,-28.2123960309898,-27.8649546894881,2.81381096626241,100,-9.90292348121067,0,"***","Only fixed rate updated"
"53070","1","Total net direct cost",2004,"cost",1,"FCIP","1","chgpct",3,-8.36302195948544,-8.18534743700906,1.01724349316507,100,-8.0465960136457,0,"***","Only fixed rate updated"
"53073","1","Producer premium subsidies",2004,"cost",1,"FCIP","1","chgpct",3,-3.32429190303641,-3.32039595338707,0.412189345320091,100,-8.0555113592482,0,"***","Only fixed rate updated"
"53132","1","Program delivery cost",2005,"cost",1,"FCIP","1","chgpct",3,-10.4793135596116,-10.364547589525,1.22272162581712,100,-8.47662081923072,0,"***","Only fixed rate updated"
"53137","1","Underwriting gains paid by FCIC to AIPs",2005,"cost",1,"FCIP","1","chgpct",3,18.8423525387258,16.9019183046342,5.28172175916538,100,3.20007737539454,0.00184,"***","Only fixed rate updated"
"53146","1","Total net direct cost",2005,"cost",1,"FCIP","1","chgpct",3,15.5209912760096,14.707874614422,2.39575942979328,100,6.13912834131727,0,"***","Only fixed rate updated"
"53149","1","Producer premium subsidies",2005,"cost",1,"FCIP","1","chgpct",3,-10.6537691496995,-10.5348276012273,1.21003705805296,100,-8.70620245150061,0,"***","Only fixed rate updated"
"53208","1","Program delivery cost",2006,"cost",1,"FCIP","1","chgpct",3,0.454231547838429,0.471214473600475,0.0976120022625779,100,4.82742349995957,0,"***","Only fixed rate updated"
"53213","1","Underwriting gains paid by FCIC to AIPs",2006,"cost",1,"FCIP","1","chgpct",3,-74.0257104979271,-74.1965342010953,2.16573793586464,100,-34.2592392977931,0,"***","Only fixed rate updated"
"53222","1","Total net direct cost",2006,"cost",1,"FCIP","1","chgpct",3,-12.8051029246699,-12.9166782260922,1.31789356910192,100,-9.80100254597515,0,"***","Only fixed rate updated"
"53225","1","Producer premium subsidies",2006,"cost",1,"FCIP","1","chgpct",3,0.459176320238688,0.477416655833879,0.100907781878836,100,4.73121742391617,0.00001,"***","Only fixed rate updated"
"53284","1","Program delivery cost",2007,"cost",1,"FCIP","1","chgpct",3,-1.6149336091392,-1.60767383690381,0.292499506117362,100,-5.49633009041304,0,"***","Only fixed rate updated"
"53289","1","Underwriting gains paid by FCIC to AIPs",2007,"cost",1,"FCIP","1","chgpct",3,-17.7993396777954,-17.9705270562992,1.91187180407874,100,-9.39944143637734,0,"***","Only fixed rate updated"
"53298","1","Total net direct cost",2007,"cost",1,"FCIP","1","chgpct",3,-2.4315339194868,-2.75260391935855,1.26339325633074,100,-2.17873880960304,0.0317,"**","Only fixed rate updated"
"53301","1","Producer premium subsidies",2007,"cost",1,"FCIP","1","chgpct",3,-1.57590025137723,-1.56773976238377,0.29145942816945,100,-5.37892965834103,0,"***","Only fixed rate updated"
"53360","1","Program delivery cost",2008,"cost",1,"FCIP","1","chgpct",3,0.109112915756906,0.107442270879421,0.0627969524475385,100,1.71094721466268,0.09019,"*","Only fixed rate updated"
"53365","1","Underwriting gains paid by FCIC to AIPs",2008,"cost",1,"FCIP","1","chgpct",3,-79.1651694087907,-77.7634503123703,2.41143372273046,100,-32.247807426496,0,"***","Only fixed rate updated"
"53374","1","Total net direct cost",2008,"cost",1,"FCIP","1","chgpct",3,-16.0693031175142,-15.6120438185599,1.6128180363917,100,-9.67997843915992,0,"***","Only fixed rate updated"
"53377","1","Producer premium subsidies",2008,"cost",1,"FCIP","1","chgpct",3,0.121418879522105,0.11952308054131,0.0642230207445878,100,1.86106288921924,0.06567,"*","Only fixed rate updated"
"53436","1","Program delivery cost",2009,"cost",1,"FCIP","1","chgpct",3,-0.313817960393624,-0.318431246327659,0.110090651404243,100,-2.89244583682593,0.00469,"***","Only fixed rate updated"
"53441","1","Underwriting gains paid by FCIC to AIPs",2009,"cost",1,"FCIP","1","chgpct",3,-74.5413386169136,-74.4479247945228,1.41660804959803,100,-52.5536508250449,0,"***","Only fixed rate updated"
"53450","1","Total net direct cost",2009,"cost",1,"FCIP","1","chgpct",3,-21.2544145194296,-21.216657226282,1.23416336933478,100,-17.1911253837633,0,"***","Only fixed rate updated"
"53453","1","Producer premium subsidies",2009,"cost",1,"FCIP","1","chgpct",3,-0.299826447781433,-0.305374205600848,0.10727724717115,100,-2.84658875626865,0.00536,"***","Only fixed rate updated"
"53512","1","Program delivery cost",2010,"cost",1,"FCIP","1","chgpct",3,-2.77940893617778,-2.76876445261674,0.274397688794279,100,-10.0903344513683,0,"***","Only fixed rate updated"
"53517","1","Underwriting gains paid by FCIC to AIPs",2010,"cost",1,"FCIP","1","chgpct",3,-33.7736359307868,-34.8469310476636,3.18613684218575,100,-10.9370478336887,0,"***","Only fixed rate updated"
"53526","1","Total net direct cost",2010,"cost",1,"FCIP","1","chgpct",3,-9.71217948546318,-9.91527701452757,1.49804146417876,100,-6.61882681596082,0,"***","Only fixed rate updated"
"53529","1","Producer premium subsidies",2010,"cost",1,"FCIP","1","chgpct",3,-2.79112373309001,-2.77951172291158,0.275417653525109,100,-10.0919882488875,0,"***","Only fixed rate updated"
"53588","1","Program delivery cost",2011,"cost",1,"FCIP","1","chgpct",3,-0.648046086767587,-0.643445024305442,0.0805617081553887,100,-7.9869833825315,0,"***","Only fixed rate updated"
"53593","1","Underwriting gains paid by FCIC to AIPs",2011,"cost",1,"FCIP","1","chgpct",3,-58.3269138019689,-58.4985415011556,2.26856732471342,100,-25.7865573853073,0,"***","Only fixed rate updated"
"53602","1","Total net direct cost",2011,"cost",1,"FCIP","1","chgpct",3,-8.0292536136005,-8.1026272219091,0.871308992593516,100,-9.29937288698356,0,"***","Only fixed rate updated"
"53605","1","Producer premium subsidies",2011,"cost",1,"FCIP","1","chgpct",3,-0.646950549481079,-0.642398802914228,0.0810640819119441,100,-7.92458000834493,0,"***","Only fixed rate updated"
"53664","1","Program delivery cost",2012,"cost",1,"FCIP","1","chgpct",3,-2.99146905920132,-2.96495850680456,0.271196499414118,100,-10.9328789759821,0,"***","Only fixed rate updated"
"53669","1","Underwriting gains paid by FCIC to AIPs",2012,"cost",1,"FCIP","1","chgpct",3,-56.7061930479818,-53.5923651075085,3.51416496817893,100,-15.2503839725203,0,"***","Only fixed rate updated"
"53678","1","Total net direct cost",2012,"cost",1,"FCIP","1","chgpct",3,0.255102283294265,0.546001101590482,0.686728188406922,100,0.795076000676629,0.42845,"","Only fixed rate updated"
"53681","1","Producer premium subsidies",2012,"cost",1,"FCIP","1","chgpct",3,-3.03708885118192,-3.01224148474557,0.277524667980197,100,-10.8539594215838,0,"***","Only fixed rate updated"
"53740","1","Program delivery cost",2013,"cost",1,"FCIP","1","chgpct",3,-0.658972632933855,-0.633245007263722,0.216749337564047,100,-2.92155452182918,0.00431,"***","Only fixed rate updated"
"53745","1","Underwriting gains paid by FCIC to AIPs",2013,"cost",1,"FCIP","1","chgpct",3,-47.660311554925,-49.0047169037745,3.45827306387216,100,-14.1702855727954,0,"***","Only fixed rate updated"
"53754","1","Total net direct cost",2013,"cost",1,"FCIP","1","chgpct",3,-3.55994108292049,-3.76557916349674,0.815610390615185,100,-4.61688473666513,0.00001,"***","Only fixed rate updated"
"53757","1","Producer premium subsidies",2013,"cost",1,"FCIP","1","chgpct",3,-0.481780589646678,-0.457325189081344,0.222138737796608,100,-2.05873677692395,0.04212,"**","Only fixed rate updated"
"53816","1","Program delivery cost",2014,"cost",1,"FCIP","1","chgpct",3,-1.24157262760396,-1.23230866341599,0.19124985402044,100,-6.4434489099494,0,"***","Only fixed rate updated"
"53821","1","Underwriting gains paid by FCIC to AIPs",2014,"cost",1,"FCIP","1","chgpct",3,-57.1779822169489,-56.2597383957807,2.33747621179795,100,-24.0685822220653,0,"***","Only fixed rate updated"
"53830","1","Total net direct cost",2014,"cost",1,"FCIP","1","chgpct",3,-9.73389586180478,-9.68794255206438,0.735598246298959,100,-13.170154497795,0,"***","Only fixed rate updated"
"53833","1","Producer premium subsidies",2014,"cost",1,"FCIP","1","chgpct",3,-1.19119184571271,-1.18039495391132,0.196563034860212,100,-6.00517261422411,0,"***","Only fixed rate updated"
"53892","1","Program delivery cost",2015,"cost",1,"FCIP","1","chgpct",3,0.59769048828892,0.601110495468494,0.0857494217143663,100,7.01008220756065,0,"***","Only fixed rate updated"
"53897","1","Underwriting gains paid by FCIC to AIPs",2015,"cost",1,"FCIP","1","chgpct",3,-72.7033792189529,-72.4057298743405,1.53755777107882,100,-47.0913881977503,0,"***","Only fixed rate updated"
"53906","1","Total net direct cost",2015,"cost",1,"FCIP","1","chgpct",3,-20.3610009586684,-20.3367227989446,1.24681790028062,100,-16.3109005688541,0,"***","Only fixed rate updated"
"53909","1","Producer premium subsidies",2015,"cost",1,"FCIP","1","chgpct",3,0.659715789503472,0.66392896522783,0.0860167858041293,100,7.71859770184482,0,"***","Only fixed rate updated"
"53968","1","Program delivery cost",2016,"cost",1,"FCIP","1","chgpct",3,0.578822609090879,0.572033751399869,0.0804706325659552,100,7.10860264371625,0,"***","Only fixed rate updated"
"53973","1","Underwriting gains paid by FCIC to AIPs",2016,"cost",1,"FCIP","1","chgpct",3,-80.1865668803455,-80.1365725280309,0.856405770498206,100,-93.5731347085765,0,"***","Only fixed rate updated"
"53982","1","Total net direct cost",2016,"cost",1,"FCIP","1","chgpct",3,-44.3912189239203,-44.3686371508138,1.28844137945352,100,-34.4358989538448,0,"***","Only fixed rate updated"
"53985","1","Producer premium subsidies",2016,"cost",1,"FCIP","1","chgpct",3,0.598477893613306,0.592743393563438,0.0824531376444476,100,7.18885187995454,0,"***","Only fixed rate updated"
"54044","1","Program delivery cost",2017,"cost",1,"FCIP","1","chgpct",3,-1.2536716137613,-1.26238393198408,0.155320369287157,100,-8.12761351120781,0,"***","Only fixed rate updated"
"54049","1","Underwriting gains paid by FCIC to AIPs",2017,"cost",1,"FCIP","1","chgpct",3,-58.0141807970777,-57.6961887178932,1.6146770549921,100,-35.7323395037501,0,"***","Only fixed rate updated"
"54058","1","Total net direct cost",2017,"cost",1,"FCIP","1","chgpct",3,-26.3346815101882,-26.2177903593231,1.13529366732663,100,-23.0933996320619,0,"***","Only fixed rate updated"
"54061","1","Producer premium subsidies",2017,"cost",1,"FCIP","1","chgpct",3,-1.39872574656603,-1.40870976844227,0.174504366370302,100,-8.07263335435951,0,"***","Only fixed rate updated"
"54120","1","Program delivery cost",2018,"cost",1,"FCIP","1","chgpct",3,-2.26384763484384,-2.2673126698361,0.211000301054838,100,-10.7455423452066,0,"***","Only fixed rate updated"
"54125","1","Underwriting gains paid by FCIC to AIPs",2018,"cost",1,"FCIP","1","chgpct",3,-43.7226289058115,-43.4090881526852,1.6193982029501,100,-26.8056911966469,0,"***","Only fixed rate updated"
"54134","1","Total net direct cost",2018,"cost",1,"FCIP","1","chgpct",3,-13.3809922281398,-13.3561582742154,0.821202925026735,100,-16.2641387008948,0,"***","Only fixed rate updated"
"54137","1","Producer premium subsidies",2018,"cost",1,"FCIP","1","chgpct",3,-2.44088878067288,-2.44709653958768,0.220624782589135,100,-11.0916666335933,0,"***","Only fixed rate updated"
"54196","1","Program delivery cost",2019,"cost",1,"FCIP","1","chgpct",3,-0.791586045173793,-0.758205385086973,0.138617442061594,100,-5.46976898296874,0,"***","Only fixed rate updated"
"54201","1","Underwriting gains paid by FCIC to AIPs",2019,"cost",1,"FCIP","1","chgpct",3,-78.7040241172898,-78.7455417220246,2.60493715093238,100,-30.2293441873787,0,"***","Only fixed rate updated"
"54210","1","Total net direct cost",2019,"cost",1,"FCIP","1","chgpct",3,-2.21592753408079,-2.13316631051716,0.950229123903526,100,-2.24489679052789,0.02698,"**","Only fixed rate updated"
"54213","1","Producer premium subsidies",2019,"cost",1,"FCIP","1","chgpct",3,-0.904241292937846,-0.872744408810006,0.144931745829028,100,-6.02176151137764,0,"***","Only fixed rate updated"
"54272","1","Program delivery cost",2020,"cost",1,"FCIP","1","chgpct",3,-1.3900123037492,-1.35674945346065,0.12392901778637,100,-10.9477947755499,0,"***","Only fixed rate updated"
"54277","1","Underwriting gains paid by FCIC to AIPs",2020,"cost",1,"FCIP","1","chgpct",3,-51.7297226745783,-51.6674391227249,2.24668339738829,100,-22.9972052060326,0,"***","Only fixed rate updated"
"54286","1","Total net direct cost",2020,"cost",1,"FCIP","1","chgpct",3,-10.2662648891979,-10.3379768156006,1.26082911416061,100,-8.19934811109038,0,"***","Only fixed rate updated"
"54289","1","Producer premium subsidies",2020,"cost",1,"FCIP","1","chgpct",3,-1.43587180250006,-1.40049461958859,0.131791532926455,100,-10.6265902557649,0,"***","Only fixed rate updated"
"54348","1","Program delivery cost",2021,"cost",1,"FCIP","1","chgpct",3,-1.18559662527499,-1.15990297331619,0.121699097048811,100,-9.53090862170471,0,"***","Only fixed rate updated"
"54353","1","Underwriting gains paid by FCIC to AIPs",2021,"cost",1,"FCIP","1","chgpct",3,-58.0833787973374,-57.7472668425942,1.64675520235587,100,-35.0673049400301,0,"***","Only fixed rate updated"
"54362","1","Total net direct cost",2021,"cost",1,"FCIP","1","chgpct",3,-19.5151503594788,-19.3262306912301,1.0025734884179,100,-19.2766225264221,0,"***","Only fixed rate updated"
"54365","1","Producer premium subsidies",2021,"cost",1,"FCIP","1","chgpct",3,-1.23401317844766,-1.20819347709346,0.127624719278611,100,-9.46676697055773,0,"***","Only fixed rate updated"
"54424","1","Program delivery cost",2022,"cost",1,"FCIP","1","chgpct",3,0.0970442244089228,0.095980054716701,0.0885656494806224,100,1.08371648917565,0.2811,"","Only fixed rate updated"
"54429","1","Underwriting gains paid by FCIC to AIPs",2022,"cost",1,"FCIP","1","chgpct",3,-73.2577352900062,-72.8399025702953,1.55034775178351,100,-46.9829446241986,0,"***","Only fixed rate updated"
"54438","1","Total net direct cost",2022,"cost",1,"FCIP","1","chgpct",3,-9.17913162828473,-9.13588747963122,1.03117948349064,100,-8.85964822409515,0,"***","Only fixed rate updated"
"54441","1","Producer premium subsidies",2022,"cost",1,"FCIP","1","chgpct",3,0.0730039467288314,0.0723141289236131,0.0953607518280559,100,0.758321715562835,0.45004,"","Only fixed rate updated"
"54500","1","Program delivery cost",2023,"cost",1,"FCIP","1","chgpct",3,-0.615689650328397,-0.624739029678056,0.12109462442394,100,-5.15909795872446,0,"***","Only fixed rate updated"
"54505","1","Underwriting gains paid by FCIC to AIPs",2023,"cost",1,"FCIP","1","chgpct",3,-62.7761573282857,-62.7252226471513,2.04555542166306,100,-30.6641521333873,0,"***","Only fixed rate updated"
"54514","1","Total net direct cost",2023,"cost",1,"FCIP","1","chgpct",3,-7.65235905114919,-7.63730459040455,0.846916300496118,100,-9.01777966244205,0,"***","Only fixed rate updated"
"54517","1","Producer premium subsidies",2023,"cost",1,"FCIP","1","chgpct",3,-0.606949256481852,-0.615820885753196,0.129232174943271,100,-4.76522882961245,0.00001,"***","Only fixed rate updated"
"54576","1","Program delivery cost",2024,"cost",1,"FCIP","1","chgpct",3,-1.75853616941867,-1.75487058249336,0.121573487083574,100,-14.4346487428382,0,"***","Only fixed rate updated"
"54581","1","Underwriting gains paid by FCIC to AIPs",2024,"cost",1,"FCIP","1","chgpct",3,-39.936388436807,-39.5867056136785,2.13736257491881,100,-18.5212869721845,0,"***","Only fixed rate updated"
"54590","1","Total net direct cost",2024,"cost",1,"FCIP","1","chgpct",3,-6.53337392224004,-6.39159863643901,0.68664784407336,100,-9.30840851188363,0,"***","Only fixed rate updated"
"54593","1","Producer premium subsidies",2024,"cost",1,"FCIP","1","chgpct",3,-1.75192467585549,-1.7516052075882,0.127411187978835,100,-13.7476561938907,0,"***","Only fixed rate updated"
"56552","1","Program delivery cost",2002,"cost",1,"FCIP","1","chgpct",4,0,0,0,100,NA,NA,NA,"Only reference yield updated"
"56557","1","Underwriting gains paid by FCIC to AIPs",2002,"cost",1,"FCIP","1","chgpct",4,-85.7981964595199,-83.3595390428845,3.07261465175004,100,-27.1298384245503,0,"***","Only reference yield updated"
"56566","1","Total net direct cost",2002,"cost",1,"FCIP","1","chgpct",4,3.06951779736152,2.93102316412065,1.06924741448317,100,2.74120201219975,0.00725,"***","Only reference yield updated"
"56569","1","Producer premium subsidies",2002,"cost",1,"FCIP","1","chgpct",4,0,0,0,100,NA,NA,NA,"Only reference yield updated"
"56628","1","Program delivery cost",2003,"cost",1,"FCIP","1","chgpct",4,0.00000798917883674027,0.00000783734564150194,0.00000470074474363662,100,1.66725616235839,0.09859,"*","Only reference yield updated"
"56633","1","Underwriting gains paid by FCIC to AIPs",2003,"cost",1,"FCIP","1","chgpct",4,-83.7219609964052,-85.6337206913829,1.43652717433185,100,-59.6116260252526,0,"***","Only reference yield updated"
"56642","1","Total net direct cost",2003,"cost",1,"FCIP","1","chgpct",4,-28.9736260988428,-29.3705376611755,1.49187361100601,100,-19.6870146669932,0,"***","Only reference yield updated"
"56645","1","Producer premium subsidies",2003,"cost",1,"FCIP","1","chgpct",4,0.00000830329760991796,0.00000813418093224042,0.00000487667804965407,100,1.66797579200813,0.09845,"*","Only reference yield updated"
"56704","1","Program delivery cost",2004,"cost",1,"FCIP","1","chgpct",4,0.735071266053341,0.724664896600863,0.0919995372183768,100,7.87683197667338,0,"***","Only reference yield updated"
"56709","1","Underwriting gains paid by FCIC to AIPs",2004,"cost",1,"FCIP","1","chgpct",4,-84.3953607757649,-83.7652277601167,1.3316073260791,100,-62.9053521406813,0,"***","Only reference yield updated"
"56718","1","Total net direct cost",2004,"cost",1,"FCIP","1","chgpct",4,-25.363402992325,-25.2872643788406,1.35251192649784,100,-18.6965185913879,0,"***","Only reference yield updated"
"56721","1","Producer premium subsidies",2004,"cost",1,"FCIP","1","chgpct",4,0.723683744726053,0.713797201691851,0.0890889194424282,100,8.0121883412575,0,"***","Only reference yield updated"
"56780","1","Program delivery cost",2005,"cost",1,"FCIP","1","chgpct",4,0.653814627687903,0.658995842819385,0.432387591838099,100,1.52408592489429,0.13064,"","Only reference yield updated"
"56785","1","Underwriting gains paid by FCIC to AIPs",2005,"cost",1,"FCIP","1","chgpct",4,-74.8975855414826,-70.9098177917168,9.57758529295164,100,-7.40372605649369,0,"***","Only reference yield updated"
"56794","1","Total net direct cost",2005,"cost",1,"FCIP","1","chgpct",4,-37.1834217477412,-35.07772739895,4.77250405249635,100,-7.34996283148297,0,"***","Only reference yield updated"
"56797","1","Producer premium subsidies",2005,"cost",1,"FCIP","1","chgpct",4,0.616538045744461,0.623066783720545,0.405017989421337,100,1.53836817127739,0.12712,"","Only reference yield updated"
"56856","1","Program delivery cost",2006,"cost",1,"FCIP","1","chgpct",4,0.49762590125801,0.492009405024,0.0643160803149959,100,7.64986613945259,0,"***","Only reference yield updated"
"56861","1","Underwriting gains paid by FCIC to AIPs",2006,"cost",1,"FCIP","1","chgpct",4,-82.4532316654028,-82.2108882179816,1.41757669036432,100,-57.9939616507472,0,"***","Only reference yield updated"
"56870","1","Total net direct cost",2006,"cost",1,"FCIP","1","chgpct",4,-13.0202655625307,-13.2202137078002,1.33400144445408,100,-9.91019444751078,0,"***","Only reference yield updated"
"56873","1","Producer premium subsidies",2006,"cost",1,"FCIP","1","chgpct",4,0.496394476680584,0.490936626053554,0.0633155244686012,100,7.75381125204158,0,"***","Only reference yield updated"
"56932","1","Program delivery cost",2007,"cost",1,"FCIP","1","chgpct",4,3.38240331610489,3.39498645431216,0.488356430360568,100,6.95186188457792,0,"***","Only reference yield updated"
"56937","1","Underwriting gains paid by FCIC to AIPs",2007,"cost",1,"FCIP","1","chgpct",4,-80.6777339292126,-80.9711954089555,0.929378424729895,100,-87.1240317769246,0,"***","Only reference yield updated"
"56946","1","Total net direct cost",2007,"cost",1,"FCIP","1","chgpct",4,-31.0725570277786,-31.2809138512261,1.81714207072142,100,-17.2143468335458,0,"***","Only reference yield updated"
"56949","1","Producer premium subsidies",2007,"cost",1,"FCIP","1","chgpct",4,3.29495228823938,3.30660137820712,0.474767010310512,100,6.96468226813927,0,"***","Only reference yield updated"
"57008","1","Program delivery cost",2008,"cost",1,"FCIP","1","chgpct",4,0.767488876456981,0.775046813619595,0.0666916775616219,100,11.6213423017207,0,"***","Only reference yield updated"
"57013","1","Underwriting gains paid by FCIC to AIPs",2008,"cost",1,"FCIP","1","chgpct",4,-83.703825099689,-83.3632915218734,1.59365993844654,100,-52.3093349533112,0,"***","Only reference yield updated"
"57022","1","Total net direct cost",2008,"cost",1,"FCIP","1","chgpct",4,-16.6805139018605,-16.3054663649723,1.59591546729635,100,-10.2169987691112,0,"***","Only reference yield updated"
"57025","1","Producer premium subsidies",2008,"cost",1,"FCIP","1","chgpct",4,0.775942986986098,0.783180564380667,0.0669625917836141,100,11.6957922852131,0,"***","Only reference yield updated"
"57084","1","Program delivery cost",2009,"cost",1,"FCIP","1","chgpct",4,1.74418952877372,1.75572905469355,0.142637035859109,100,12.3090685677722,0,"***","Only reference yield updated"
"57089","1","Underwriting gains paid by FCIC to AIPs",2009,"cost",1,"FCIP","1","chgpct",4,-80.0868896205922,-80.3869427219964,1.03881927750772,100,-77.3829909229799,0,"***","Only reference yield updated"
"57098","1","Total net direct cost",2009,"cost",1,"FCIP","1","chgpct",4,-22.3113984091389,-22.4434005036998,1.27626251132261,100,-17.5852540559555,0,"***","Only reference yield updated"
"57101","1","Producer premium subsidies",2009,"cost",1,"FCIP","1","chgpct",4,1.72648949977731,1.73619198082862,0.138678089238694,100,12.5195839541765,0,"***","Only reference yield updated"
"57160","1","Program delivery cost",2010,"cost",1,"FCIP","1","chgpct",4,1.87358105438715,1.88189104701986,0.176930835901703,100,10.6363090267961,0,"***","Only reference yield updated"
"57165","1","Underwriting gains paid by FCIC to AIPs",2010,"cost",1,"FCIP","1","chgpct",4,-81.7310516252999,-81.9104291508767,1.28490955965156,100,-63.7480113176907,0,"***","Only reference yield updated"
"57174","1","Total net direct cost",2010,"cost",1,"FCIP","1","chgpct",4,-26.3806299416061,-26.4037985004046,1.89546050890509,100,-13.9300177325545,0,"***","Only reference yield updated"
"57177","1","Producer premium subsidies",2010,"cost",1,"FCIP","1","chgpct",4,1.80939648833702,1.81691539987202,0.170045896962071,100,10.6848529269559,0,"***","Only reference yield updated"
"57236","1","Program delivery cost",2011,"cost",1,"FCIP","1","chgpct",4,0.301887171459664,0.301006117306396,0.023908118017567,100,12.5901217772652,0,"***","Only reference yield updated"
"57241","1","Underwriting gains paid by FCIC to AIPs",2011,"cost",1,"FCIP","1","chgpct",4,-83.0513438239719,-83.3973904489037,1.1062173315653,100,-75.389697909448,0,"***","Only reference yield updated"
"57250","1","Total net direct cost",2011,"cost",1,"FCIP","1","chgpct",4,-12.381981500413,-12.4149255388849,1.12680419705147,100,-11.0178197519775,0,"***","Only reference yield updated"
"57253","1","Producer premium subsidies",2011,"cost",1,"FCIP","1","chgpct",4,0.295666458201899,0.294964873641637,0.0233502837956731,100,12.6321751042827,0,"***","Only reference yield updated"
"57312","1","Program delivery cost",2012,"cost",1,"FCIP","1","chgpct",4,0.0841329227506095,0.0786884321929639,0.0122270620788399,100,6.43559603162083,0,"***","Only reference yield updated"
"57317","1","Underwriting gains paid by FCIC to AIPs",2012,"cost",1,"FCIP","1","chgpct",4,-81.7256578423969,-71.6445366952452,6.82514862911037,100,-10.4971394160809,0,"***","Only reference yield updated"
"57326","1","Total net direct cost",2012,"cost",1,"FCIP","1","chgpct",4,11.1665278044975,11.9134626339965,1.08896221598665,100,10.9401983458189,0,"***","Only reference yield updated"
"57329","1","Producer premium subsidies",2012,"cost",1,"FCIP","1","chgpct",4,0.0851243286459704,0.0798362686862637,0.0128549655043708,100,6.21053931720925,0,"***","Only reference yield updated"
"57388","1","Program delivery cost",2013,"cost",1,"FCIP","1","chgpct",4,3.04169568963473,3.01637487730844,0.191470100448918,100,15.7537645315707,0,"***","Only reference yield updated"
"57393","1","Underwriting gains paid by FCIC to AIPs",2013,"cost",1,"FCIP","1","chgpct",4,-89.240257541328,-88.7212103020447,1.38280412682995,100,-64.160359794005,0,"***","Only reference yield updated"
"57402","1","Total net direct cost",2013,"cost",1,"FCIP","1","chgpct",4,0.293636365475877,-0.138125918529035,1.31621560747519,100,-0.104941711482964,0.91663,"","Only reference yield updated"
"57405","1","Producer premium subsidies",2013,"cost",1,"FCIP","1","chgpct",4,2.95665127317158,2.93306970611136,0.182359508363729,100,16.0839965649673,0,"***","Only reference yield updated"
"57464","1","Program delivery cost",2014,"cost",1,"FCIP","1","chgpct",4,4.69288033248474,4.65920561960982,0.207549719914519,100,22.4486239804552,0,"***","Only reference yield updated"
"57469","1","Underwriting gains paid by FCIC to AIPs",2014,"cost",1,"FCIP","1","chgpct",4,-86.449462914022,-87.3302035762305,0.792258475985462,100,-110.229434235593,0,"***","Only reference yield updated"
"57478","1","Total net direct cost",2014,"cost",1,"FCIP","1","chgpct",4,-9.2256630054339,-9.51448149462508,1.53692819417574,100,-6.19058296326443,0,"***","Only reference yield updated"
"57481","1","Producer premium subsidies",2014,"cost",1,"FCIP","1","chgpct",4,4.5180856744782,4.48690877714927,0.198026851730986,100,22.6580826687312,0,"***","Only reference yield updated"
"57540","1","Program delivery cost",2015,"cost",1,"FCIP","1","chgpct",4,1.25923767847755,1.26030610279254,0.068954847907126,100,18.2772660812771,0,"***","Only reference yield updated"
"57545","1","Underwriting gains paid by FCIC to AIPs",2015,"cost",1,"FCIP","1","chgpct",4,-70.4514994673479,-70.7644458257007,1.52793977575651,100,-46.3136354904197,0,"***","Only reference yield updated"
"57554","1","Total net direct cost",2015,"cost",1,"FCIP","1","chgpct",4,-19.9102431810463,-20.1103666031612,1.26519292825668,100,-15.8950988058963,0,"***","Only reference yield updated"
"57557","1","Producer premium subsidies",2015,"cost",1,"FCIP","1","chgpct",4,1.22570460115331,1.22745075935264,0.067580383709353,100,18.1628261335658,0,"***","Only reference yield updated"
"57616","1","Program delivery cost",2016,"cost",1,"FCIP","1","chgpct",4,1.01679636089231,1.01647910180684,0.0474854316784188,100,21.4061253289356,0,"***","Only reference yield updated"
"57621","1","Underwriting gains paid by FCIC to AIPs",2016,"cost",1,"FCIP","1","chgpct",4,-77.0497669063232,-76.7917037545308,0.97359911842659,100,-78.8740481591972,0,"***","Only reference yield updated"
"57630","1","Total net direct cost",2016,"cost",1,"FCIP","1","chgpct",4,-43.1855689086632,-43.0272407335089,1.38020676119293,100,-31.1744891731437,0,"***","Only reference yield updated"
"57633","1","Producer premium subsidies",2016,"cost",1,"FCIP","1","chgpct",4,1.00167820621669,1.00256011710808,0.0465755032027626,100,21.5254811685774,0,"***","Only reference yield updated"
"57692","1","Program delivery cost",2017,"cost",1,"FCIP","1","chgpct",4,0.777885593057831,0.779164629469764,0.0421678500291548,100,18.4776939998376,0,"***","Only reference yield updated"
"57697","1","Underwriting gains paid by FCIC to AIPs",2017,"cost",1,"FCIP","1","chgpct",4,-81.6718940908384,-81.1074460299082,1.2789428494026,100,-63.4175687113729,0,"***","Only reference yield updated"
"57706","1","Total net direct cost",2017,"cost",1,"FCIP","1","chgpct",4,-38.6320103743253,-38.3169416860062,1.12887981639093,100,-33.9424455372997,0,"***","Only reference yield updated"
"57709","1","Producer premium subsidies",2017,"cost",1,"FCIP","1","chgpct",4,0.750712651235663,0.752046417251375,0.0414587564306184,100,18.1396279579666,0,"***","Only reference yield updated"
"57768","1","Program delivery cost",2018,"cost",1,"FCIP","1","chgpct",4,0.884517195482046,0.882460265492655,0.0566690188921001,100,15.57218181548,0,"***","Only reference yield updated"
"57773","1","Underwriting gains paid by FCIC to AIPs",2018,"cost",1,"FCIP","1","chgpct",4,-83.4976431862798,-83.7599918796057,0.972748930543032,100,-86.106485702171,0,"***","Only reference yield updated"
"57782","1","Total net direct cost",2018,"cost",1,"FCIP","1","chgpct",4,-29.1690366648308,-29.3174064700801,1.11814311313536,100,-26.2197263710473,0,"***","Only reference yield updated"
"57785","1","Producer premium subsidies",2018,"cost",1,"FCIP","1","chgpct",4,0.857144290960716,0.855760659625784,0.0558298734822655,100,15.3280064282721,0,"***","Only reference yield updated"
"57844","1","Program delivery cost",2019,"cost",1,"FCIP","1","chgpct",4,0.723533464566541,0.715220912297161,0.0341647361491724,100,20.9344778538407,0,"***","Only reference yield updated"
"57849","1","Underwriting gains paid by FCIC to AIPs",2019,"cost",1,"FCIP","1","chgpct",4,-82.7914647940901,-81.1004155321288,2.47333837296148,100,-32.7898586051621,0,"***","Only reference yield updated"
"57858","1","Total net direct cost",2019,"cost",1,"FCIP","1","chgpct",4,-0.141284608087906,0.0665065404090927,1.10780342344269,100,0.0600346045171192,0.95225,"","Only reference yield updated"
"57861","1","Producer premium subsidies",2019,"cost",1,"FCIP","1","chgpct",4,0.700757372479429,0.693013118924949,0.033069421747091,100,20.9563119737922,0,"***","Only reference yield updated"
"57920","1","Program delivery cost",2020,"cost",1,"FCIP","1","chgpct",4,0.516729362648443,0.516172122114607,0.0277973979873655,100,18.56908054305,0,"***","Only reference yield updated"
"57925","1","Underwriting gains paid by FCIC to AIPs",2020,"cost",1,"FCIP","1","chgpct",4,-79.2741763777745,-79.9965843064076,1.47827510593041,100,-54.1148152907969,0,"***","Only reference yield updated"
"57934","1","Total net direct cost",2020,"cost",1,"FCIP","1","chgpct",4,-17.3510218079334,-17.9713292888322,1.78477629819622,100,-10.0692334983352,0,"***","Only reference yield updated"
"57937","1","Producer premium subsidies",2020,"cost",1,"FCIP","1","chgpct",4,0.498296229626456,0.497894263915839,0.0265826922517347,100,18.730016478423,0,"***","Only reference yield updated"
"57996","1","Program delivery cost",2021,"cost",1,"FCIP","1","chgpct",4,0.430677477851056,0.428465250725995,0.0203896226146262,100,21.0138882324699,0,"***","Only reference yield updated"
"58001","1","Underwriting gains paid by FCIC to AIPs",2021,"cost",1,"FCIP","1","chgpct",4,-78.7105412804509,-79.2179198942517,1.64513352398587,100,-48.1528816593078,0,"***","Only reference yield updated"
"58010","1","Total net direct cost",2021,"cost",1,"FCIP","1","chgpct",4,-25.8614697448264,-26.0562493398338,1.14919203503357,100,-22.6735380558678,0,"***","Only reference yield updated"
"58013","1","Producer premium subsidies",2021,"cost",1,"FCIP","1","chgpct",4,0.415602949376384,0.413340756680047,0.0191566527228167,100,21.576877895152,0,"***","Only reference yield updated"
"58072","1","Program delivery cost",2022,"cost",1,"FCIP","1","chgpct",4,0.508675208853816,0.508081781470969,0.0246672687669422,100,20.5974072878257,0,"***","Only reference yield updated"
"58077","1","Underwriting gains paid by FCIC to AIPs",2022,"cost",1,"FCIP","1","chgpct",4,-85.0880420434189,-84.3519193294873,1.09027309772006,100,-77.3676976033627,0,"***","Only reference yield updated"
"58086","1","Total net direct cost",2022,"cost",1,"FCIP","1","chgpct",4,-13.0118880192589,-13.103430269924,1.21215410496433,100,-10.8100366250952,0,"***","Only reference yield updated"
"58089","1","Producer premium subsidies",2022,"cost",1,"FCIP","1","chgpct",4,0.496750366102487,0.496593318517877,0.0248362776240083,100,19.9946757737093,0,"***","Only reference yield updated"
"58148","1","Program delivery cost",2023,"cost",1,"FCIP","1","chgpct",4,0.47237233052853,0.467776805966444,0.0193809721132592,100,24.1358794199193,0,"***","Only reference yield updated"
"58153","1","Underwriting gains paid by FCIC to AIPs",2023,"cost",1,"FCIP","1","chgpct",4,-76.79268113683,-76.5402323584237,1.74635356193123,100,-43.8286003630219,0,"***","Only reference yield updated"
"58162","1","Total net direct cost",2023,"cost",1,"FCIP","1","chgpct",4,-9.05209186609289,-9.30033382674201,1.24859992652743,100,-7.44860994234384,0,"***","Only reference yield updated"
"58165","1","Producer premium subsidies",2023,"cost",1,"FCIP","1","chgpct",4,0.457205396704883,0.453354236462233,0.0181198257753068,100,25.0197900401478,0,"***","Only reference yield updated"
"58224","1","Program delivery cost",2024,"cost",1,"FCIP","1","chgpct",4,1.0149321185769,1.01387587990759,0.0266345055720363,100,38.0662549625875,0,"***","Only reference yield updated"
"58229","1","Underwriting gains paid by FCIC to AIPs",2024,"cost",1,"FCIP","1","chgpct",4,-87.5401666239335,-86.9876403237732,0.764098835198962,100,-113.843440555858,0,"***","Only reference yield updated"
"58238","1","Total net direct cost",2024,"cost",1,"FCIP","1","chgpct",4,-16.727877285563,-16.4407695056207,1.00521563628279,100,-16.3554653471343,0,"***","Only reference yield updated"
"58241","1","Producer premium subsidies",2024,"cost",1,"FCIP","1","chgpct",4,0.975325801777863,0.974162504637768,0.0263398423210652,100,36.9843711577075,0,"***","Only reference yield updated"
"60200","1","Program delivery cost",2002,"cost",1,"FCIP","1","chgpct",5,0.00000447738053171237,0.00000451736471206389,0.00000473511949992971,100,0.9540128210346,0.34238,"","Only rating exponent updated"
"60205","1","Underwriting gains paid by FCIC to AIPs",2002,"cost",1,"FCIP","1","chgpct",5,-85.8034788424639,-83.3600009374911,3.07186896730614,100,-27.1365744518046,0,"***","Only rating exponent updated"
"60214","1","Total net direct cost",2002,"cost",1,"FCIP","1","chgpct",5,3.06964236512388,2.93118273796571,1.06920957540813,100,2.74144826737719,0.00725,"***","Only rating exponent updated"
"60217","1","Producer premium subsidies",2002,"cost",1,"FCIP","1","chgpct",5,0.00000469076105481617,0.00000473454407465043,0.00000496103545892397,100,0.954345945287263,0.34221,"","Only rating exponent updated"
"60276","1","Program delivery cost",2003,"cost",1,"FCIP","1","chgpct",5,0,0,0,100,NA,NA,NA,"Only rating exponent updated"
"60281","1","Underwriting gains paid by FCIC to AIPs",2003,"cost",1,"FCIP","1","chgpct",5,-83.7219609964052,-85.6335338558902,1.43661125487261,100,-59.6080070829484,0,"***","Only rating exponent updated"
"60290","1","Total net direct cost",2003,"cost",1,"FCIP","1","chgpct",5,-28.973621410947,-29.3704642802494,1.49188049578687,100,-19.6868746278223,0,"***","Only rating exponent updated"
"60293","1","Producer premium subsidies",2003,"cost",1,"FCIP","1","chgpct",5,0,0,0,100,NA,NA,NA,"Only rating exponent updated"
"60352","1","Program delivery cost",2004,"cost",1,"FCIP","1","chgpct",5,0,0,0,100,NA,NA,NA,"Only rating exponent updated"
"60357","1","Underwriting gains paid by FCIC to AIPs",2004,"cost",1,"FCIP","1","chgpct",5,-84.6325435879419,-83.2043792575212,1.40725625232672,100,-59.1252510834136,0,"***","Only rating exponent updated"
"60366","1","Total net direct cost",2004,"cost",1,"FCIP","1","chgpct",5,-25.0512987842461,-24.6797304601983,1.43576316653397,100,-17.1892767800813,0,"***","Only rating exponent updated"
"60369","1","Producer premium subsidies",2004,"cost",1,"FCIP","1","chgpct",5,0,0,0,100,NA,NA,NA,"Only rating exponent updated"
"60428","1","Program delivery cost",2005,"cost",1,"FCIP","1","chgpct",5,0,0,0,100,NA,NA,NA,"Only rating exponent updated"
"60433","1","Underwriting gains paid by FCIC to AIPs",2005,"cost",1,"FCIP","1","chgpct",5,-82.7434770507954,-83.1720606013517,0.91178530060059,100,-91.218909261387,0,"***","Only rating exponent updated"
"60442","1","Total net direct cost",2005,"cost",1,"FCIP","1","chgpct",5,-39.6301353217172,-39.6947363632746,1.71181624894991,100,-23.1886666501879,0,"***","Only rating exponent updated"
"60445","1","Producer premium subsidies",2005,"cost",1,"FCIP","1","chgpct",5,0,0,0,100,NA,NA,NA,"Only rating exponent updated"
"60504","1","Program delivery cost",2006,"cost",1,"FCIP","1","chgpct",5,0,0,0,100,NA,NA,NA,"Only rating exponent updated"
"60509","1","Underwriting gains paid by FCIC to AIPs",2006,"cost",1,"FCIP","1","chgpct",5,-83.0096403394767,-84.1533000830568,1.53557799040649,100,-54.8023614618104,0,"***","Only rating exponent updated"
"60518","1","Total net direct cost",2006,"cost",1,"FCIP","1","chgpct",5,-11.9419501187613,-12.7247673886204,1.43207413233917,100,-8.88555075555727,0,"***","Only rating exponent updated"
"60521","1","Producer premium subsidies",2006,"cost",1,"FCIP","1","chgpct",5,0,0,0,100,NA,NA,NA,"Only rating exponent updated"
"60580","1","Program delivery cost",2007,"cost",1,"FCIP","1","chgpct",5,0,0,0,100,NA,NA,NA,"Only rating exponent updated"
"60585","1","Underwriting gains paid by FCIC to AIPs",2007,"cost",1,"FCIP","1","chgpct",5,-80.5633974523342,-82.6046863611749,1.61850917402412,100,-51.037515070609,0,"***","Only rating exponent updated"
"60594","1","Total net direct cost",2007,"cost",1,"FCIP","1","chgpct",5,-27.7621437995679,-29.1016650849756,2.00802791898965,100,-14.4926595939055,0,"***","Only rating exponent updated"
"60597","1","Producer premium subsidies",2007,"cost",1,"FCIP","1","chgpct",5,0,0,0,100,NA,NA,NA,"Only rating exponent updated"
"60656","1","Program delivery cost",2008,"cost",1,"FCIP","1","chgpct",5,0,0,0,100,NA,NA,NA,"Only rating exponent updated"
"60661","1","Underwriting gains paid by FCIC to AIPs",2008,"cost",1,"FCIP","1","chgpct",5,-83.108588651505,-82.7658189241307,1.81933402025866,100,-45.4923713856369,0,"***","Only rating exponent updated"
"60670","1","Total net direct cost",2008,"cost",1,"FCIP","1","chgpct",5,-16.3162684813635,-15.8744462850281,1.56553230192413,100,-10.13996725939,0,"***","Only rating exponent updated"
"60673","1","Producer premium subsidies",2008,"cost",1,"FCIP","1","chgpct",5,0,0,0,100,NA,NA,NA,"Only rating exponent updated"
"60732","1","Program delivery cost",2009,"cost",1,"FCIP","1","chgpct",5,0,0,0,100,NA,NA,NA,"Only rating exponent updated"
"60737","1","Underwriting gains paid by FCIC to AIPs",2009,"cost",1,"FCIP","1","chgpct",5,-83.5934513255193,-85.2581130138558,1.35922627460844,100,-62.7254744898283,0,"***","Only rating exponent updated"
"60746","1","Total net direct cost",2009,"cost",1,"FCIP","1","chgpct",5,-22.2810213146728,-23.0512145682555,1.46667746452283,100,-15.7166214971163,0,"***","Only rating exponent updated"
"60749","1","Producer premium subsidies",2009,"cost",1,"FCIP","1","chgpct",5,0,0,0,100,NA,NA,NA,"Only rating exponent updated"
"60808","1","Program delivery cost",2010,"cost",1,"FCIP","1","chgpct",5,0,0,0,100,NA,NA,NA,"Only rating exponent updated"
"60813","1","Underwriting gains paid by FCIC to AIPs",2010,"cost",1,"FCIP","1","chgpct",5,-84.4567214409512,-84.4408723573308,1.02865997817226,100,-82.0882256033392,0,"***","Only rating exponent updated"
"60822","1","Total net direct cost",2010,"cost",1,"FCIP","1","chgpct",5,-26.0998326841842,-26.4445938634687,1.8361521597963,100,-14.4021799731469,0,"***","Only rating exponent updated"
"60825","1","Producer premium subsidies",2010,"cost",1,"FCIP","1","chgpct",5,0,0,0,100,NA,NA,NA,"Only rating exponent updated"
"60884","1","Program delivery cost",2011,"cost",1,"FCIP","1","chgpct",5,0,0,0,100,NA,NA,NA,"Only rating exponent updated"
"60889","1","Underwriting gains paid by FCIC to AIPs",2011,"cost",1,"FCIP","1","chgpct",5,-82.5347202013471,-84.340923857473,1.59826859972577,100,-52.7701813524611,0,"***","Only rating exponent updated"
"60898","1","Total net direct cost",2011,"cost",1,"FCIP","1","chgpct",5,-12.0880449820667,-12.4995192987845,1.23757896636467,100,-10.0999771638826,0,"***","Only rating exponent updated"
"60901","1","Producer premium subsidies",2011,"cost",1,"FCIP","1","chgpct",5,0,0,0,100,NA,NA,NA,"Only rating exponent updated"
"60960","1","Program delivery cost",2012,"cost",1,"FCIP","1","chgpct",5,0,0,0,100,NA,NA,NA,"Only rating exponent updated"
"60965","1","Underwriting gains paid by FCIC to AIPs",2012,"cost",1,"FCIP","1","chgpct",5,-81.4094954729613,-71.7824328172618,6.92791937236371,100,-10.3613262451654,0,"***","Only rating exponent updated"
"60974","1","Total net direct cost",2012,"cost",1,"FCIP","1","chgpct",5,11.1838237510132,11.9176587272292,1.09877537628895,100,10.8463103418648,0,"***","Only rating exponent updated"
"60977","1","Producer premium subsidies",2012,"cost",1,"FCIP","1","chgpct",5,0,0,0,100,NA,NA,NA,"Only rating exponent updated"
"61036","1","Program delivery cost",2013,"cost",1,"FCIP","1","chgpct",5,-4.59611068194785,-4.53001972996004,0.318772628651438,100,-14.2108177515874,0,"***","Only rating exponent updated"
"61041","1","Underwriting gains paid by FCIC to AIPs",2013,"cost",1,"FCIP","1","chgpct",5,-41.5901851120887,-42.2441072897979,2.73857664495045,100,-15.4255705669914,0,"***","Only rating exponent updated"
"61050","1","Total net direct cost",2013,"cost",1,"FCIP","1","chgpct",5,-3.87416634704439,-3.96136213071059,0.729175557027766,100,-5.43265897016313,0,"***","Only rating exponent updated"
"61053","1","Producer premium subsidies",2013,"cost",1,"FCIP","1","chgpct",5,-4.03041029937502,-3.97204121413129,0.288552090212748,100,-13.7654217344353,0,"***","Only rating exponent updated"
"61112","1","Program delivery cost",2014,"cost",1,"FCIP","1","chgpct",5,-3.85769845525309,-3.81216676518288,0.208874578388575,100,-18.2509848474284,0,"***","Only rating exponent updated"
"61117","1","Underwriting gains paid by FCIC to AIPs",2014,"cost",1,"FCIP","1","chgpct",5,-30.2485212910132,-29.993649028205,2.09106268069083,100,-14.3437350325127,0,"***","Only rating exponent updated"
"61126","1","Total net direct cost",2014,"cost",1,"FCIP","1","chgpct",5,-5.73296158421369,-5.70183375511886,0.680423572404329,100,-8.37982983889137,0,"***","Only rating exponent updated"
"61129","1","Producer premium subsidies",2014,"cost",1,"FCIP","1","chgpct",5,-3.46971589863283,-3.42888672459032,0.187412996749163,100,-18.2958854725513,0,"***","Only rating exponent updated"
"61188","1","Program delivery cost",2015,"cost",1,"FCIP","1","chgpct",5,-1.85316054293046,-1.84025053081714,0.121179753009113,100,-15.1861221459887,0,"***","Only rating exponent updated"
"61193","1","Underwriting gains paid by FCIC to AIPs",2015,"cost",1,"FCIP","1","chgpct",5,-47.1395103293673,-46.715058308501,2.27252440251008,100,-20.5564605849349,0,"***","Only rating exponent updated"
"61202","1","Total net direct cost",2015,"cost",1,"FCIP","1","chgpct",5,-12.0603438104136,-11.9296648586919,0.933304486903573,100,-12.7821788345527,0,"***","Only rating exponent updated"
"61205","1","Producer premium subsidies",2015,"cost",1,"FCIP","1","chgpct",5,-1.6998968677744,-1.68772063151048,0.109689609951667,100,-15.3863308681118,0,"***","Only rating exponent updated"
"61264","1","Program delivery cost",2016,"cost",1,"FCIP","1","chgpct",5,0.262191503741651,0.262972269865165,0.0844596727770863,100,3.11358381128501,0.00241,"***","Only rating exponent updated"
"61269","1","Underwriting gains paid by FCIC to AIPs",2016,"cost",1,"FCIP","1","chgpct",5,-54.6295776700372,-54.8363025469365,1.58596248584763,100,-34.5760401247,0,"***","Only rating exponent updated"
"61278","1","Total net direct cost",2016,"cost",1,"FCIP","1","chgpct",5,-30.5021558590528,-30.6172278937439,1.40030145702611,100,-21.8647404386533,0,"***","Only rating exponent updated"
"61281","1","Producer premium subsidies",2016,"cost",1,"FCIP","1","chgpct",5,0.238504410926293,0.239489577205967,0.07436123089587,100,3.2206241655861,0.00173,"***","Only rating exponent updated"
"61340","1","Program delivery cost",2017,"cost",1,"FCIP","1","chgpct",5,-3.2222736121736,-3.21236036246956,0.208423206665775,100,-15.41268083271,0,"***","Only rating exponent updated"
"61345","1","Underwriting gains paid by FCIC to AIPs",2017,"cost",1,"FCIP","1","chgpct",5,-51.9019320102419,-51.7022869592416,1.40468312296914,100,-36.807082048481,0,"***","Only rating exponent updated"
"61354","1","Total net direct cost",2017,"cost",1,"FCIP","1","chgpct",5,-22.6145408437885,-22.5081898736185,1.01313092107873,100,-22.2164671962168,0,"***","Only rating exponent updated"
"61357","1","Producer premium subsidies",2017,"cost",1,"FCIP","1","chgpct",5,-2.83424025124553,-2.82712434778997,0.184329839615157,100,-15.3373124703652,0,"***","Only rating exponent updated"
"61416","1","Program delivery cost",2018,"cost",1,"FCIP","1","chgpct",5,-1.87715040953721,-1.88869392765818,0.112748443413553,100,-16.75139691934,0,"***","Only rating exponent updated"
"61421","1","Underwriting gains paid by FCIC to AIPs",2018,"cost",1,"FCIP","1","chgpct",5,-41.1386180988766,-40.9846048953856,1.43399189235242,100,-28.5807786738262,0,"***","Only rating exponent updated"
"61430","1","Total net direct cost",2018,"cost",1,"FCIP","1","chgpct",5,-12.7447492332782,-12.7510898767907,0.800847143800371,100,-15.9220020643155,0,"***","Only rating exponent updated"
"61433","1","Producer premium subsidies",2018,"cost",1,"FCIP","1","chgpct",5,-1.61221638213195,-1.62182942767538,0.100928644692904,100,-16.0690697136588,0,"***","Only rating exponent updated"
"61492","1","Program delivery cost",2019,"cost",1,"FCIP","1","chgpct",5,-0.569241625230774,-0.577052416675277,0.046035868299174,100,-12.5348437641097,0,"***","Only rating exponent updated"
"61497","1","Underwriting gains paid by FCIC to AIPs",2019,"cost",1,"FCIP","1","chgpct",5,-47.3752566904035,-46.4776580451973,2.87910000631644,100,-16.1431203998577,0,"***","Only rating exponent updated"
"61506","1","Total net direct cost",2019,"cost",1,"FCIP","1","chgpct",5,-0.790974584515656,-0.647710023799577,0.719735311178865,100,-0.899928089867765,0.37032,"","Only rating exponent updated"
"61509","1","Producer premium subsidies",2019,"cost",1,"FCIP","1","chgpct",5,-0.488236362221453,-0.49523225086268,0.0390476686605871,100,-12.6827610418274,0,"***","Only rating exponent updated"
"61568","1","Program delivery cost",2020,"cost",1,"FCIP","1","chgpct",5,0.574442175048684,0.571415339214671,0.0643670097030626,100,8.87745666375865,0,"***","Only rating exponent updated"
"61573","1","Underwriting gains paid by FCIC to AIPs",2020,"cost",1,"FCIP","1","chgpct",5,-61.1820449655784,-60.9670674774158,2.00509981834835,100,-30.4060011973049,0,"***","Only rating exponent updated"
"61582","1","Total net direct cost",2020,"cost",1,"FCIP","1","chgpct",5,-11.8007552360278,-12.1473141866342,1.65775650476754,100,-7.32756237221794,0,"***","Only rating exponent updated"
"61585","1","Producer premium subsidies",2020,"cost",1,"FCIP","1","chgpct",5,0.475777797330811,0.47341571335093,0.0535836678478075,100,8.83507479733494,0,"***","Only rating exponent updated"
"61644","1","Program delivery cost",2021,"cost",1,"FCIP","1","chgpct",5,-1.20762820351888,-1.20297014234114,0.114022421674349,100,-10.5502946234282,0,"***","Only rating exponent updated"
"61649","1","Underwriting gains paid by FCIC to AIPs",2021,"cost",1,"FCIP","1","chgpct",5,-55.8298253998281,-55.8198714752156,1.58380786366579,100,-35.2440928952192,0,"***","Only rating exponent updated"
"61658","1","Total net direct cost",2021,"cost",1,"FCIP","1","chgpct",5,-18.9482900476365,-18.8939958255474,0.958878320811826,100,-19.7042684305877,0,"***","Only rating exponent updated"
"61661","1","Producer premium subsidies",2021,"cost",1,"FCIP","1","chgpct",5,-1.10662490130796,-1.10310607862489,0.106080637380589,100,-10.3987504775941,0,"***","Only rating exponent updated"
"61720","1","Program delivery cost",2022,"cost",1,"FCIP","1","chgpct",5,-0.0246445698926355,-0.029928734898004,0.0312090988730853,100,-0.958974657349512,0.33988,"","Only rating exponent updated"
"61725","1","Underwriting gains paid by FCIC to AIPs",2022,"cost",1,"FCIP","1","chgpct",5,-72.5962374988231,-71.7923180823463,1.526410796375,100,-47.0334186922959,0,"***","Only rating exponent updated"
"61734","1","Total net direct cost",2022,"cost",1,"FCIP","1","chgpct",5,-9.36077665912059,-9.19766042496377,1.04307293118045,100,-8.8178497878904,0,"***","Only rating exponent updated"
"61737","1","Producer premium subsidies",2022,"cost",1,"FCIP","1","chgpct",5,-0.0158729843812883,-0.0207143042169604,0.0299876700408839,100,-0.69076070894202,0.49132,"","Only rating exponent updated"
"61796","1","Program delivery cost",2023,"cost",1,"FCIP","1","chgpct",5,2.69353771034211,2.68250729308869,0.115850916384847,100,23.1548215309548,0,"***","Only rating exponent updated"
"61801","1","Underwriting gains paid by FCIC to AIPs",2023,"cost",1,"FCIP","1","chgpct",5,-75.1135395128177,-74.4257663723551,1.73851935257573,100,-42.8098578609944,0,"***","Only rating exponent updated"
"61810","1","Total net direct cost",2023,"cost",1,"FCIP","1","chgpct",5,-8.44444186110068,-8.38943289393067,1.17052524392713,100,-7.16723790234885,0,"***","Only rating exponent updated"
"61813","1","Producer premium subsidies",2023,"cost",1,"FCIP","1","chgpct",5,2.38574162818103,2.37765063666485,0.102752731862712,100,23.1395369598701,0,"***","Only rating exponent updated"
"61872","1","Program delivery cost",2024,"cost",1,"FCIP","1","chgpct",5,2.65807508964327,2.64116150265476,0.111563861923444,100,23.6739877691501,0,"***","Only rating exponent updated"
"61877","1","Underwriting gains paid by FCIC to AIPs",2024,"cost",1,"FCIP","1","chgpct",5,-74.4835378232216,-74.6337844771325,1.25906956468321,100,-59.2769347862927,0,"***","Only rating exponent updated"
"61886","1","Total net direct cost",2024,"cost",1,"FCIP","1","chgpct",5,-12.0222576465578,-12.0296766848159,0.977471319340396,100,-12.3069357093092,0,"***","Only rating exponent updated"
"61889","1","Producer premium subsidies",2024,"cost",1,"FCIP","1","chgpct",5,2.32103662381116,2.30683293314756,0.100093183802735,100,23.0468533970694,0,"***","Only rating exponent updated"
